1,Hic quas et facilis ut.,"Est qui velit cumque. Illum qui accusantium harum voluptates eos. Velit sit ratione sit libero qui. Commodi nam ipsum quia. Laborum aliquam et quo quam repellendus temporibus commodi. Est aut sit eum facere accusantium voluptas. Nihil odio maxime ea sint. Neque dicta omnis aut pariatur. Tempora alias rerum et veniam. Enim ducimus modi rerum dolore. Sint occaecati vitae ad. Non in repellat non debitis nostrum qui. Autem minus facilis nostrum blanditiis aut. Ex ipsa libero occaecati tempora necessitatibus. Est quas rerum aut laborum amet. Omnis expedita dolores similique consequatur recusandae provident. Fugit libero accusantium consectetur nulla et inventore magnam. Quo maxime distinctio dignissimos consequatur. Eum dolores veritatis sed.",185,2019-10-12 10:22:46,2020-04-13 15:51:58,"CHEST<>DENTAL<>SKIN"
2,Autem veritatis dolores non minima itaque eligendi sunt.,"Voluptas totam adipisci sed. Voluptas tenetur esse odit voluptatibus expedita. Et quia reprehenderit assumenda illo. Quasi nesciunt quo reprehenderit facere. Aut exercitationem impedit beatae qui omnis sit. Sint dolorem ullam aut repellendus veritatis officia dolores. Tempora id mollitia quo officia sunt. Culpa iure et suscipit omnis ipsa. Perferendis repellendus dolorum. Repellat est tenetur iusto. Aliquid eaque et. Dolorem quam aut. Earum voluptatem non nisi excepturi facere animi. Voluptas quisquam eum ipsa et similique laborum labore. Aut officiis explicabo deleniti provident consequatur occaecati sed. Tempore omnis optio repellat omnis. Nesciunt porro in ratione itaque delectus alias.",113,2020-01-10 12:28:19,2020-04-13 15:51:58,"HEART"
3,Labore ipsa harum non assumenda aut accusantium assumenda.,"Aut dolores eligendi. Officia possimus accusantium fugit. Ipsam eligendi eum esse unde nobis. Harum molestias in aut repudiandae reprehenderit. Illo enim numquam blanditiis. Voluptates dolor omnis. Provident consequatur odio nulla sunt ad. Esse enim ut ut eligendi. Et eveniet earum laborum in dolorem. Est suscipit repellendus odit tempore eaque qui. Rem iste doloremque nihil. Veniam iusto facere veritatis quibusdam minima. Fugit totam cupiditate. Amet possimus distinctio. Et ratione dolore autem est eaque. Aut culpa non incidunt possimus. Rem odio ea possimus. Et esse vero ex. Repellendus rerum neque sit eum. Rerum enim autem quae ipsum fugit. Consequatur vel tenetur minus.",12,2020-01-22 21:51:13,2020-04-13 15:51:58,"EAR_NOSE_THROAT<>SKIN<>HEART"
4,In rerum in autem et qui sit hic.,"Enim aut ullam sed eos et est. Itaque quasi vero. Ea perferendis ea qui. Eum similique dolore qui. Dolor voluptatum ut cum qui ipsam delectus sint. Aperiam magni incidunt fugit quia. At voluptatem quia facere. Quam omnis ex at ipsum asperiores recusandae reiciendis. Ipsa laudantium expedita dignissimos molestias optio doloribus voluptate. Minus et asperiores maxime qui. Explicabo eum sit rem temporibus quam maiores vel. Ipsa ea ut natus voluptas unde. Rerum vel et molestiae. Sed debitis dolorem. Id commodi velit dolor. Nihil possimus cum laboriosam. Non quia qui est nostrum impedit aut. Repudiandae officiis accusantium dignissimos et autem voluptas. Amet deserunt cum omnis et.",3,2018-11-13 06:55:51,2020-04-13 15:51:58,"DENTAL"
5,Ea et vel tempora ea culpa qui.,"Consectetur excepturi fugiat est atque eos exercitationem. Ratione consequatur labore ea et dicta quisquam et. Sit voluptate perspiciatis sint est aut. Ad perferendis ut nostrum doloremque consectetur. Quas eos est dolores. Ipsum exercitationem deserunt. Quidem illo consequatur occaecati hic et nemo cumque. Tempore ab est quam. Iure iusto fugit. Molestiae quod voluptatem dolore. Voluptatem possimus et deserunt consectetur. Voluptatem sunt numquam consequatur dolores accusantium consequatur. Debitis vero optio quis maxime nemo quis quos. Numquam sapiente qui et minima enim necessitatibus. Qui commodi unde. Repudiandae provident est est. Et optio totam quasi pariatur doloribus. Occaecati aliquid officia aliquam qui. Est eligendi id magnam nisi. Tempora itaque nobis aspernatur amet ea similique. Sit natus voluptatem adipisci rerum et consequuntur magni.",118,2018-07-26 14:59:55,2020-04-13 15:51:58,"EAR_NOSE_THROAT"
6,Iusto rem et.,"Numquam harum laudantium quis nulla eum modi quasi. Porro excepturi odit molestiae iusto dolores eligendi. Facere magnam sunt eveniet provident ratione ut. In quod eum aut eveniet et eum. Suscipit voluptatem non impedit cupiditate necessitatibus ut libero. Et eveniet nihil laborum laudantium expedita omnis. Minus dolores ex veritatis labore pariatur labore ut. Facere ad velit pariatur aut. Sint eligendi eligendi asperiores recusandae. Sit eum at dignissimos sapiente. Rerum et natus. Maxime atque repellendus sapiente sed temporibus nisi ad. Laudantium quaerat esse fugit illo consequatur reiciendis. Iusto perferendis aut eveniet est temporibus. Nesciunt distinctio sint tempora earum natus vero. Quis quo porro molestiae. Ratione sit quibusdam labore qui et sed quia. Nisi rerum et deleniti. Vero quasi rerum. Sequi ea expedita corrupti voluptatem sint voluptas. Et reprehenderit dolorum eaque nostrum omnis debitis.",189,2018-11-02 15:59:42,2020-04-13 15:51:58,"DENTAL"
7,Aspernatur animi harum rerum id.,"Dicta itaque quia. Voluptatum numquam est corporis sequi ut adipisci quos. Et omnis dolorem consectetur veniam dolores. Vel tempora illum ad atque ut consequatur saepe. Expedita rem qui. Dolore omnis autem nulla labore et quasi. Saepe tenetur velit consequatur. Quod et eligendi enim culpa impedit. Eum sit neque quaerat facilis dolorem eos consectetur. Libero explicabo consectetur aut earum doloremque ut. Voluptas recusandae dolorem itaque exercitationem. Unde eos qui eveniet ut consequatur quod. Cum sit aut. Sunt earum porro harum nisi. Repudiandae sit rerum. Et qui id et. Necessitatibus est officia tempora aliquid fugit illum quia. Voluptatem occaecati et.",30,2019-10-12 15:57:21,2020-04-13 15:51:58,"EYES<>SKIN"
8,Quod velit cupiditate non.,"Facilis qui est totam. Deserunt amet sit vitae deserunt aperiam deserunt reprehenderit. Veritatis molestiae ut qui. Dignissimos iusto sint magni rerum quo. Quaerat dolor est magni. Velit quam quidem in occaecati qui ipsa. Similique rem aliquid sit optio aut sed et. Modi omnis ea voluptates placeat omnis. Incidunt rerum vitae. Earum asperiores qui expedita. Corporis numquam iure. Dolore reprehenderit suscipit quasi recusandae. Quisquam ex commodi facilis nisi. Dolor rerum magnam similique possimus dolor et. Ut voluptatem ipsum inventore. Quae officia et ut earum voluptas soluta exercitationem. Assumenda aut repellat odio sed. Aut dolorem aut debitis aut. At rerum unde aut sit voluptatem deserunt. Voluptatem amet similique. Facilis dignissimos ut fuga molestias tempore perferendis. Explicabo ut odio est id adipisci mollitia.",118,2019-09-06 06:27:53,2020-04-13 15:51:58,"EAR_NOSE_THROAT<>EYES<>SKIN<>HEART"
9,Assumenda suscipit asperiores nisi accusantium.,"Saepe at et excepturi. Ut quam quod. Quaerat odio maxime aspernatur. Voluptatem aliquam consequuntur omnis autem. Autem eveniet nulla iure explicabo asperiores est maiores. Velit quibusdam in id. Aliquid amet natus a. Numquam corporis eaque repudiandae dolore consequatur modi. Architecto odit velit et id quo vel. Architecto voluptates perspiciatis sunt qui. Temporibus id animi ut ratione sed et sit. Quia iusto numquam. Labore molestiae omnis. Sapiente asperiores fugit ut occaecati. Placeat qui fugiat. Quas magnam ut voluptate voluptatem perspiciatis et. Vero rerum voluptas velit sit culpa. Nemo officiis ex ut rerum harum dolorem. Voluptatem doloribus hic nulla. Voluptatem rerum minus nemo maiores.",35,2019-06-21 20:51:31,2020-04-13 15:51:58,"EAR_NOSE_THROAT"
10,Fugiat rerum est voluptate est et.,"Facere temporibus ut et laboriosam consequatur magni. Natus quas eos magnam nam non quia quisquam. Ea et voluptas dignissimos fugiat id. Modi quam qui qui. Ex quia ipsam debitis temporibus tempora assumenda. Doloribus sed deserunt natus et aliquid similique qui. Id laborum assumenda perspiciatis tempore. Quis aut sunt vel. Dolores laudantium alias et. Perspiciatis tempore omnis quae commodi maxime in esse. Iste quisquam voluptate ut. Sit delectus deserunt rerum unde. Occaecati ullam consequatur. Amet harum consequatur expedita. Voluptates atque accusantium amet vel. Eveniet esse laboriosam ipsam. Eos in optio aut. Libero delectus optio. Optio incidunt labore et.",3,2017-04-11 01:01:45,2020-04-13 15:51:58,"HEART"
11,Et doloremque aut iusto.,"Consectetur dolorem eum qui. Consequatur minus dolore eveniet et omnis. Et aspernatur veniam laboriosam sint repellat sint. Officiis molestias nulla. Libero modi ex porro. Deleniti ut ea id ut autem porro. Fugiat animi omnis. Est et deleniti. Eius sed natus animi. Autem quae accusantium voluptas illo aspernatur. Voluptates magni nam. Eius in quibusdam autem aliquid. Molestiae expedita cupiditate consequatur quaerat fugiat. Omnis tenetur est vel. Deleniti illo et. Sunt ut corporis totam. Repudiandae aperiam error quaerat praesentium hic in est. Quia est dicta ut. Consectetur asperiores voluptatem autem qui. Temporibus nostrum quia eius tempora nemo explicabo. A ut soluta sunt numquam et ea. Impedit sit odio dolore aut. Alias quos ut. Culpa sed sed pariatur id. Consequatur doloribus facilis animi ullam ut facilis voluptatibus.",156,2019-07-21 21:00:48,2020-04-13 15:51:58,"EAR_NOSE_THROAT"
12,Ad veritatis dolor amet molestiae aut maxime sit.,"Voluptatem voluptates voluptatem quas id. Commodi at consequatur nihil. Deserunt sed dolorem nisi quis qui ad. Culpa in doloremque sint quia voluptas fugiat quasi. Enim aliquam aut commodi magni assumenda. Saepe rem itaque. Quis dolorum velit dolores enim ad. Similique architecto autem. Debitis et laudantium inventore quos omnis. Pariatur commodi consequatur hic repudiandae explicabo illo placeat. Consectetur fuga voluptatem a officiis numquam et. Aut vel dolore. Aut et rerum beatae molestiae quo sed. Qui nam laborum quia aut sequi sit. Deserunt in dolorem laborum in blanditiis possimus. Magni voluptas id rem nihil laudantium molestiae. Est nostrum esse sit. Quasi velit voluptatem qui at eligendi. Distinctio eum in. Doloribus qui ullam in nihil. Voluptatem voluptatem porro.",185,2018-09-13 18:12:18,2020-04-13 15:51:58,"CHEST"
13,Et eveniet totam fugit ipsum.,"Eligendi deleniti harum. Quam illo illo aut explicabo tempora. Laboriosam aspernatur alias omnis fugiat. Consequatur blanditiis eius fugit. Id autem soluta ipsam nulla ut eum molestias. Laborum sed enim aut iusto quis. Eaque doloremque ut illo maiores voluptatibus dolorum tenetur. Deserunt fugiat accusantium fugit in iure consequatur. Deserunt iusto sed. Quibusdam velit voluptatibus quo magnam a molestias sint. Quos ut eos eos et. Harum aut minima harum dolorem. Quo deleniti quo eveniet in. Ducimus officia architecto recusandae magnam expedita. Aut in at. Aut id sit enim dicta voluptatum aut impedit. Earum blanditiis quis magni. Laboriosam temporibus ex in. Iste aliquam perferendis eaque saepe commodi amet. Atque modi earum exercitationem distinctio nihil aut.",26,2020-02-15 19:29:22,2020-04-13 15:51:58,"EYES<>SKIN"
14,Ut est cumque rerum quam voluptatibus iure nobis.,"Laborum dolore aut sint incidunt. Mollitia sit nihil qui. Ut id quis sed qui qui. Optio mollitia animi esse. Soluta eum ut recusandae aspernatur exercitationem et. Sint voluptatum architecto est. Voluptas nihil ad nobis deserunt. Quia neque accusamus fugit repudiandae animi autem. Molestiae et qui deserunt. Non sapiente nobis autem eum totam. Dignissimos sit eum eius sunt. Consequuntur quia sit quia est quia. Dolorem beatae qui accusamus cumque quae. Adipisci dolores nesciunt. Rem id delectus et dolorem aut temporibus sapiente. Aperiam aut nihil recusandae quas. Assumenda ab voluptas esse dolor facere. Architecto sunt accusantium neque cumque rem optio dolore. Aliquid ut non commodi omnis minima. Sunt at voluptatem velit nostrum asperiores.",106,2018-06-26 10:11:49,2020-04-13 15:51:58,"EAR_NOSE_THROAT<>EYES<>HEART"
15,Facere ut voluptatum laboriosam.,"Voluptas officia cupiditate tempora omnis deleniti sed. Sint autem natus ad. Quam ut eligendi sunt ea suscipit nulla. Similique libero in omnis atque quisquam. Eos vero odit laudantium ea veniam voluptatibus molestias. Voluptate doloribus alias earum fugit ut ex dignissimos. Rerum nulla cupiditate error omnis odio. Minus consectetur dolor unde. Consequatur consequatur nam voluptates minima animi consequatur. Optio ut provident dignissimos molestiae aspernatur architecto. Nam reiciendis laudantium voluptatum et ea officia laboriosam. Ipsum nobis molestiae. Enim magnam voluptas dolorum aliquid enim alias. Possimus nemo molestias recusandae consequatur. Quae aspernatur qui saepe aliquam voluptatem. Quo enim sit. Ipsa non placeat rerum. Aperiam fuga omnis aspernatur. Et eum est et ut nobis reiciendis. Natus unde cupiditate illo rem.",172,2019-02-14 11:12:31,2020-04-13 15:51:58,"DENTAL<>SKIN<>HEART"
16,Quisquam minima voluptate tempora maxime velit.,"Voluptatibus dignissimos rerum nostrum inventore dolor vero. Excepturi sunt minus. Neque delectus sint consequatur alias voluptatem omnis. Et voluptatem voluptas sed. Enim cupiditate architecto ex. Maiores provident aut reiciendis aut est ut. Ut qui voluptatibus. Molestiae aut ut aut recusandae ut. Ea est et sint maiores tempora. Dolor sint ut minus. At qui aut. Amet odio voluptas ullam ducimus libero sunt inventore. Ducimus voluptas inventore ratione. Ipsum illum aliquid nulla molestiae adipisci iusto est. Quae earum blanditiis voluptatem et. Et voluptatem a eum atque dolore nemo deleniti. Nemo voluptate expedita ut mollitia sint facere. Voluptatem accusantium veritatis laborum rerum.",117,2020-03-01 14:28:18,2020-04-13 15:51:58,"EAR_NOSE_THROAT<>EYES<>DENTAL"
17,Ratione quia recusandae consectetur quis vero voluptas.,"Qui quia minus. Nihil aut nesciunt occaecati. Officiis esse neque atque eum. Non optio aut similique exercitationem. Deleniti laudantium iure. Omnis qui architecto voluptatibus commodi accusantium harum. Eveniet sunt laborum enim qui. Optio illum labore quia ipsum. Expedita aliquam quis expedita. Laudantium in impedit cupiditate. Officia quam et non aut at. Ducimus eligendi praesentium nulla et et aut reiciendis. Voluptatem explicabo dolor sit eius. Nobis quae ab harum officia et. Dolorum aut et neque exercitationem deleniti numquam et. Voluptatem quis numquam est quidem odit officia mollitia. Voluptatum laudantium et numquam. Quidem vel nam. Expedita in eum sunt illum natus voluptatem.",177,2018-05-08 16:07:01,2020-04-13 15:51:58,"EAR_NOSE_THROAT<>DENTAL<>HEART"
18,Id iste earum tempore.,"Quisquam aut perferendis. Iure doloribus beatae ipsam animi. Quae ut deleniti aut. A aut soluta delectus ratione distinctio. Explicabo qui quam et. Quod nihil ex totam. Architecto est dolore et doloremque nihil rerum. Ullam beatae similique. Aperiam vero laudantium. Saepe ut unde quos laborum. Perferendis atque tenetur dolores sit perspiciatis. Velit non quasi sint. Et quam velit molestiae ab. Minus numquam aspernatur ut natus nihil maiores ut. Expedita voluptatem ab repellat sed accusantium perspiciatis dolores. Cupiditate suscipit qui numquam quidem. Ad mollitia suscipit. Deserunt excepturi quasi nam sit debitis. Error aut possimus corrupti sint quo consequatur aut.",110,2018-05-21 02:46:36,2020-04-13 15:51:58,"EAR_NOSE_THROAT<>HEART"
19,Cumque voluptatem cumque.,"Dolorem aut neque cum incidunt architecto. Facere numquam odit. Deserunt non recusandae tempora occaecati non ullam. Provident sit accusantium quia itaque magni. Omnis consequatur vitae et vel occaecati. Ipsa repellat numquam amet. Quod explicabo et velit. Illum repellendus assumenda officia sed. Voluptatem et hic itaque repudiandae non ea perspiciatis. Rem quia non facere voluptas est. Tempora molestias et. Enim sint dolorum quasi. Tempore quia et veniam quia molestias. Et tempore id ut quibusdam pariatur. Accusamus accusamus sed nam est omnis non. Itaque blanditiis eaque ut non ipsam. Veniam ratione et esse quae doloribus quod. Et voluptas soluta consequatur. Totam illo non fuga dolor dolores quibusdam. Placeat a quasi veritatis repellendus omnis.",1,2019-08-08 03:10:46,2020-04-13 15:51:58,"DENTAL<>HEART"
20,Nulla sint minus.,"Hic dolor laudantium officiis tenetur eos. Repellendus eos expedita tempore sit et quia. Quas sit id saepe et. Veniam delectus omnis. Voluptate iusto et architecto ea quia quidem. Consequatur repellendus aperiam nemo in omnis. Assumenda rerum et quia qui ut incidunt. Corporis modi fuga maxime eum. Eaque aut illo quo. Non molestiae et illo nihil distinctio. Dolorem harum mollitia vitae. Earum expedita blanditiis unde. Voluptatibus mollitia sit. Quibusdam dolores qui ab error non odio. Sint cumque reprehenderit. Harum eveniet nostrum temporibus expedita et rerum voluptatem. Explicabo deserunt necessitatibus. Porro inventore ea omnis nihil impedit laborum. Molestiae voluptate quod temporibus libero. Optio nobis quam. Quis error magni asperiores.",71,2020-01-13 20:02:03,2020-04-13 15:51:58,"DENTAL"
21,Quae architecto qui in repellat perspiciatis optio excepturi.,"Sed saepe quasi voluptates aliquam est mollitia distinctio. Rem possimus vel quas et. Non autem dolorem impedit ullam dignissimos nihil eos. Fugiat dolores laboriosam eum quis et aspernatur velit. Sed placeat dolorem numquam. Fugiat quis est ullam praesentium rem ea. Quia quia iusto. Illum omnis quod iusto beatae qui molestiae. Officia quasi ad velit animi assumenda. Sit omnis expedita non ut voluptates. Magnam exercitationem asperiores animi voluptatem. Autem quam voluptas. Odio harum sint sed iusto. Possimus modi assumenda dolorum qui. Hic provident deserunt excepturi possimus ut veritatis sed. Consectetur earum porro ipsa et sed. Molestiae at laboriosam. Voluptatibus dicta minima pariatur. Sunt odit ut repellendus. Aut maxime accusantium quos aliquam beatae. Quibusdam magnam quia tenetur. Quae magni possimus saepe facere.",189,2020-03-21 09:14:44,2020-04-13 15:51:58,"EYES<>SKIN"
22,Nesciunt nihil totam quod ab ut.,"Sed vel repellendus aut. Aliquid consequatur veritatis modi. Provident recusandae explicabo. In sunt ratione nihil. Assumenda id suscipit quia et. Accusamus fugit et. Et sunt maxime quibusdam dolorem accusantium pariatur. Soluta nobis officia nam porro est eaque. Vitae voluptatibus officia. Labore iusto accusamus. Eaque rerum quis. Officia modi non. Eum eos cumque asperiores sit asperiores. Nihil a hic iste. Quibusdam nulla et. Consequatur aut ea quis et aspernatur aliquid modi. Ipsa delectus recusandae ut est. Eos omnis sint. Blanditiis corrupti unde vero rerum. Natus quidem officia inventore. Vel perferendis incidunt placeat dolores dolorem quas. Quas inventore consequatur cupiditate. Quo sint qui eum expedita non hic.",57,2020-04-10 00:32:05,2020-04-13 15:51:58,"CHEST"
23,Fugiat optio labore vitae earum.,"Doloribus dolores accusamus. Sunt dolor molestiae sequi dolore et quibusdam rerum. Quae qui nihil dolor minima. Aut voluptatem suscipit natus tempore perferendis nobis ut. Amet iusto sit eos ea. Nobis consequuntur ad omnis. Provident non earum sed magni reiciendis. Magnam quo ullam dolores. Sit voluptatem est aut. Sit quaerat saepe quaerat iure consequatur soluta. Blanditiis et dolores nesciunt eveniet quis. Sunt quos quis soluta necessitatibus autem. At unde eius non qui similique et consectetur. Occaecati et quae beatae ea culpa dolorem. Voluptatibus expedita explicabo ab quisquam at nisi ducimus. Doloribus vitae ut nisi officiis culpa molestiae. Dolorem beatae omnis recusandae est. Est error libero sit asperiores asperiores autem beatae. Quo error molestias. Voluptatibus vel et delectus cupiditate non ut. Est incidunt tempore consequuntur et qui.",157,2019-07-12 08:06:36,2020-04-13 15:51:58,"SKIN<>HEART"
24,Consectetur qui esse ipsum at quia quo.,"Inventore aut ut mollitia excepturi quo dicta. Sapiente molestiae eos molestias provident molestias. Facere dolorem perspiciatis quos quia corrupti. Id molestias voluptatum. Velit non enim saepe. Nihil quo quibusdam eius reprehenderit ea eos. Cum laudantium porro. Est nihil ea adipisci culpa aut. Molestiae eaque officia eligendi. Numquam rerum ut officia velit. Omnis sint ipsam corrupti libero. Ea eaque ex expedita. Expedita ullam dolores et temporibus. Qui debitis quidem repellat sint sint. Alias nihil quo id. Sapiente officiis aspernatur ducimus assumenda. Et ratione optio blanditiis omnis alias. Incidunt adipisci assumenda tempora excepturi optio eum. Officia distinctio dolor possimus quae sit exercitationem molestiae. Delectus consequuntur sint. Suscipit earum dignissimos. Assumenda et eum doloribus debitis sit non.",35,2019-07-18 11:09:43,2020-04-13 15:51:58,"EAR_NOSE_THROAT"
25,Voluptatem aliquam placeat.,"Repellendus et quis. Porro dolore vel qui repellat non deserunt. Quibusdam vel eaque. Repudiandae ab sunt rem impedit blanditiis voluptates. Voluptas et reprehenderit sapiente possimus qui id velit. Quaerat omnis fuga. Dignissimos ipsam accusantium. Nemo natus eius et. Iure excepturi sit voluptate quae laborum. Sapiente tempore ducimus velit qui laborum tenetur nihil. Ut voluptas exercitationem dolor. Distinctio ullam aspernatur a non. Enim nostrum voluptatem sed non sapiente quisquam. Quas quasi molestias explicabo iusto commodi repellat ab. Aut aut porro quia enim reiciendis eos. Et doloremque libero alias ex iure. Odit repellat distinctio in quaerat voluptatem. Et repellat consequatur cumque libero dolore nam. Sint molestiae officia aut qui laboriosam aspernatur. Totam suscipit minus distinctio eaque ut. Eveniet aut ut occaecati ea voluptatibus.",117,2020-03-11 10:45:41,2020-04-13 15:51:58,"HEART"
26,Qui sed facere aut.,"Qui omnis a sunt ullam. Omnis vel labore necessitatibus quis qui. Et consequuntur sit. Saepe natus dolor beatae voluptas non at corrupti. Non voluptates explicabo quam pariatur quos dolores. Sit natus ipsa unde quo corrupti et. Ipsam ex cupiditate placeat non reprehenderit explicabo doloribus. Id aliquam ipsum non quibusdam. Labore et velit. Porro voluptas quaerat non temporibus voluptatem atque nam. Et quia eos amet veritatis. Magnam maiores sed in dolorem ut. Eum nesciunt velit. Quas cum a consequatur non nostrum. Ut eos quo. Mollitia atque reprehenderit. Consequuntur inventore adipisci facilis. Dolorum in voluptatibus temporibus accusantium nihil porro neque. Beatae et ea numquam. Deserunt id tenetur perferendis autem fugiat qui quisquam.",157,2020-04-03 08:02:34,2020-04-13 15:51:58,"EAR_NOSE_THROAT<>CHEST<>SKIN<>HEART"
27,Dolores voluptatum cumque.,"Eos nam dolores voluptatum dolor expedita praesentium. Quis consequatur illo. Officia laudantium voluptatum. Sunt voluptatem soluta sint beatae hic ducimus quis. Voluptates quasi quibusdam quaerat rerum. Enim optio corporis voluptatem maiores ipsam error. Rerum optio ut laborum velit pariatur cumque et. Nobis quae expedita. Vel sed dolor eum officiis aut illo earum. Cupiditate rerum ducimus accusantium rerum eos ut quaerat. Repellendus eum dolores voluptate sit ab. Praesentium pariatur ut accusantium in aut. Quis qui iste voluptatem ea aliquam deleniti explicabo. Nisi autem suscipit repudiandae necessitatibus sint. Explicabo ut voluptates omnis aliquid. Dicta maiores nesciunt molestiae saepe in ut officiis. Sint nam in eos eius perspiciatis sunt. Omnis voluptates eius. Laudantium veniam necessitatibus odio ut reprehenderit est. Fugiat eum ut ut.",118,2018-01-21 16:06:20,2020-04-13 15:51:58,"EAR_NOSE_THROAT"
28,Pariatur ex et nostrum.,"Corporis debitis natus eum enim amet repudiandae. Sunt laboriosam a excepturi sapiente. Eligendi sequi quia. Aut non consectetur voluptatem reprehenderit. Magnam odit aut autem delectus voluptatem quibusdam. Sunt laborum quia deserunt ipsum enim. Suscipit optio explicabo vel harum voluptas. Sint sapiente architecto necessitatibus accusantium ab sequi modi. Animi beatae eos ut et aut aliquid. Consequatur commodi minima. Qui totam labore id laboriosam consequuntur. Maxime repellendus quaerat architecto rerum quia. Saepe perspiciatis ex sapiente odit iure. Consequuntur voluptas quia officia consectetur earum sint. Officia iure cum nihil. Beatae est et. Iusto at rerum non ut. Reprehenderit dolorem natus at ipsum voluptatem accusantium. Repudiandae nesciunt eveniet delectus itaque quis. Eaque voluptates rerum magnam aut a. Officia amet aut in praesentium sunt repellat.",57,2019-11-21 05:53:58,2020-04-13 15:51:58,"EYES<>CHEST<>DENTAL"
29,Voluptatem laudantium consequatur tempore.,"Aliquid incidunt perspiciatis culpa. Doloremque sunt quos et dolorem et. Rerum ex corporis earum nisi et. Doloribus expedita id sunt enim. In rerum voluptas blanditiis veniam nisi. Ut natus ex non omnis animi. Maxime a quo exercitationem. Nulla nobis enim id debitis ut voluptatem. Voluptas quisquam nemo. Distinctio quis explicabo sunt debitis at culpa ipsam. Ut qui consequatur nihil earum ratione et. Magnam quia ut pariatur est quis excepturi. Aliquam assumenda reprehenderit fuga non. Ea et tempore labore. Ullam tenetur dolores. Numquam aspernatur eum repellendus. Alias voluptas aut beatae qui aspernatur alias dignissimos. Veritatis corporis ea odio aut voluptatem et. Amet sunt cumque et laudantium. Velit nesciunt aliquam et sunt odit.",3,2019-10-04 21:56:47,2020-04-13 15:51:58,"EAR_NOSE_THROAT"
30,Similique illo fugit dolor occaecati non dolores.,"Molestiae neque nobis dignissimos tempora atque doloremque omnis. Illo molestiae iste expedita eos vel. Nobis est adipisci voluptas non quia consequuntur facilis. Fugiat ipsum aut dicta nobis et. Aperiam sint voluptates sunt maiores consequatur. Blanditiis pariatur quos nostrum. Aliquid labore deserunt. Necessitatibus aperiam magnam quia at ut quos. Iusto eius nam sequi cum aut. Accusantium iste debitis reiciendis id ut quibusdam voluptatum. Hic temporibus dolorum debitis aut ad omnis cumque. Sed dolores sequi sed occaecati eligendi fuga. Incidunt dolore ratione occaecati magnam. Id qui consequatur vel deserunt. Qui consequuntur et ut consequatur voluptas. Maiores eos asperiores sunt aliquid eligendi aut. Occaecati magni omnis voluptas. Veniam quod quia est ex exercitationem. Accusantium distinctio autem non et.",3,2019-11-30 06:06:05,2020-04-13 15:51:58,"EYES<>SKIN"
31,Qui dolores consectetur omnis corrupti sapiente.,"Veritatis non voluptatem doloribus dolor aut. Natus debitis corrupti qui est. Eveniet repellat accusamus quia tenetur quam consequuntur doloribus. Minus nam nulla ipsum aspernatur. Repellendus magni ipsam nisi. Aliquam eum et totam sunt. Inventore fugit architecto. Velit id officiis et ad. Inventore repudiandae voluptatem dolor ducimus omnis rerum fugiat. Laborum iste velit deserunt qui. Eum ut ut. Possimus perspiciatis qui. Non nam accusantium voluptatem ipsa exercitationem nam dicta. Saepe dicta commodi consequatur. Neque est sit facere est eaque perspiciatis. Molestias totam omnis aliquid. Necessitatibus deserunt cumque non. Sit voluptate deserunt harum eos tempora voluptatibus. Sed ipsa numquam dolorem iste necessitatibus repudiandae perspiciatis. Saepe quaerat maxime quaerat. Quis dolorem voluptates. Doloribus rerum corrupti et quod.",172,2019-10-14 01:36:26,2020-04-13 15:51:58,"CHEST<>DENTAL"
32,Doloribus ut unde.,"Voluptatibus neque qui voluptatum dicta consequatur soluta. Sint veritatis eos est id et. Necessitatibus ipsam sequi dicta voluptatum eius. Harum praesentium eum. Molestiae optio consequatur dolores occaecati sapiente aut. Eligendi adipisci rerum sint totam. Consectetur earum nemo dolor rerum. Et debitis quaerat. Non non eum. Magnam consequuntur dolor. Blanditiis ad facere qui quasi consequatur. Temporibus nihil similique laudantium. Iste a et recusandae debitis tempore. Officiis aliquid omnis qui. Et maiores dolore nemo sit nemo occaecati velit. Et tempora error quasi molestiae. Commodi dolorem odit est nulla deleniti. Qui omnis sunt earum ut facere. Quia quo ab nostrum et sint.",117,2019-10-01 14:36:48,2020-04-13 15:51:58,"EYES"
33,Incidunt cum non.,"Quo alias et aut velit voluptatum ullam. Occaecati vel pariatur ut quia. Nemo necessitatibus veniam et rem est. In animi rerum nam fuga natus corporis consequatur. Vero quibusdam nostrum sed et. Esse ex incidunt ut voluptate eius eos. Nisi quia cum. Voluptatem aliquam unde maxime voluptatem autem ut. Ipsa eligendi libero. Quos aut velit natus autem maiores. Veniam ut accusantium autem. Reprehenderit aperiam ut reiciendis. Dolores totam aut est dolor explicabo dignissimos enim. Non ut optio reiciendis debitis. Iste numquam inventore blanditiis. Cupiditate minus quam voluptatem vero. Assumenda molestiae sit dignissimos. Aut est error voluptatem quisquam perferendis.",123,2019-09-29 09:10:31,2020-04-13 15:51:58,"EAR_NOSE_THROAT<>CHEST"
34,Ipsam illum est porro consectetur.,"Ab itaque omnis. Quod excepturi placeat. Ullam pariatur vero a atque. Et facilis qui occaecati recusandae asperiores. Voluptatem voluptatem quia aperiam magni. Ad praesentium dolorem quasi ad placeat. Aut esse ut sed dolore. Quidem nemo itaque sapiente rerum. Omnis dolores non veniam dignissimos corrupti iste. Deserunt debitis in. Quisquam iure dolor aperiam. Accusamus et velit facere est dolorum. Sed fuga qui et ipsam excepturi. Et consequuntur saepe totam. Quia quidem est sunt facilis. Qui assumenda ab consectetur incidunt deleniti eaque. Nihil nobis cum nesciunt esse ut. Doloribus iure optio delectus eos labore placeat aut. Et neque praesentium. Qui itaque qui culpa officiis dolorem tempora.",127,2016-09-20 06:26:08,2020-04-13 15:51:58,"EYES"
35,Quidem id cumque debitis quibusdam.,"Cum et vel error alias dolor voluptatem. Beatae iste rerum. Dolorem eos sunt. Ex est qui sunt eligendi quia totam nihil. Omnis aut et delectus nostrum. Inventore accusantium blanditiis et et voluptatibus est. Qui aut explicabo mollitia. Voluptatem enim animi qui. Impedit amet quibusdam. Accusantium quidem et facilis temporibus minus iusto. Iusto quam dolores. Tempore veritatis atque illum magni et. Et amet dolor accusantium. Sunt incidunt in excepturi recusandae enim. Natus deleniti praesentium tempore exercitationem. Vitae est sit qui. Ut minus veritatis quas consequatur. Dicta incidunt aut aspernatur consectetur ducimus voluptates. Omnis eaque ut rerum. Officiis fugit consequatur perspiciatis voluptas. Rerum ut et dolor eum omnis ut. Est error at facere necessitatibus numquam sed.",30,2019-12-27 22:50:38,2020-04-13 15:51:58,"DENTAL<>HEART"
36,Quis sed natus dicta id.,"Ipsa incidunt consequatur ut natus. Eum voluptatem iusto eos qui. Qui quidem numquam et aut voluptates corrupti sunt. Minus at tenetur quidem doloribus sint animi est. Sit repudiandae quia dolores officia officia vero maxime. Eos libero impedit et. Id neque iste error labore est qui. Rem maiores in. Placeat est dolorum amet porro aut. Assumenda autem quam distinctio eos consequuntur. Accusamus magnam illo deserunt sint aliquid. Rerum facere magnam temporibus veniam est porro eius. Voluptas totam iusto esse. Molestias dolor iure quas. Aut labore ea delectus est earum ut perspiciatis. Autem ad autem ut. Qui recusandae voluptas quos eum nisi eum. Necessitatibus non quia tempore molestias architecto aliquid. Eum velit quod. Et minus et inventore aspernatur dolores placeat. Officiis qui ducimus voluptas ullam est voluptatem nobis. Architecto odio ut rem facilis dolores odio minus. Ipsum laboriosam eveniet et.",164,2019-11-07 14:24:36,2020-04-13 15:51:58,"HEART"
37,Iure id excepturi sed.,"Ipsam alias vero nihil accusamus. Modi voluptatem quia velit sit ratione perspiciatis illum. Voluptatem facere et maiores nemo. Animi consequuntur earum dignissimos similique iusto qui. Et earum repellat veritatis maiores. Ratione sed veniam ut aperiam. Quia sed qui est animi consequatur ratione nemo. Maiores nesciunt harum cupiditate qui amet. Dolorem sed asperiores qui perspiciatis soluta minus. Quam delectus voluptatum. Laboriosam ut provident vel. Et soluta dicta qui veritatis tempora odit est. Atque et eveniet voluptatibus neque laboriosam consequatur. Quas asperiores qui. Corrupti sed neque. Tenetur repudiandae vero ipsa. Iusto accusantium dicta explicabo dolorem inventore ea rerum. Commodi ullam reiciendis maiores et officia amet. Et rerum ea odit vel tempora inventore dolor.",117,2020-03-14 01:33:02,2020-04-13 15:51:58,"EAR_NOSE_THROAT<>CHEST<>DENTAL"
38,Qui voluptatibus minima porro consectetur.,"Eaque nostrum voluptatem expedita consequatur. Enim est dolores nisi doloribus vero. Voluptates reprehenderit ullam ut qui adipisci a quos. Velit autem nihil consequatur occaecati distinctio expedita minima. Aperiam reiciendis sed dolores incidunt id vel pariatur. Vero velit optio a in. Maiores dolor eaque est. Commodi laboriosam qui iste earum laudantium eius. Qui mollitia qui facere. Dolores ipsum qui distinctio aliquam. Aut est eveniet voluptatem quas odio et placeat. Suscipit eum reiciendis. Facere magni dolor et exercitationem dolor officiis. Error nihil quia dolor veniam deleniti voluptates sunt. Facere adipisci voluptatem consectetur rerum iusto. Quo laborum voluptatem exercitationem perspiciatis earum cumque. Excepturi vero rerum laboriosam rerum. Dignissimos eum quia nihil tenetur accusantium fugit natus. Et modi cumque provident alias et.",103,2018-10-22 23:13:07,2020-04-13 15:51:58,"CHEST<>HEART"
39,Ut voluptas et quis qui et.,"Nihil quisquam libero quae fugiat est blanditiis unde. Nobis architecto ut officiis doloremque sint voluptas repellendus. Doloremque qui quibusdam aut ut commodi natus quos. Possimus voluptas eos. Praesentium facilis quis excepturi sit nam animi. Quos aut voluptatem. Eligendi laboriosam possimus ad quos adipisci eius officia. Qui sit voluptatem nostrum excepturi. Dolor enim sunt maxime voluptatem assumenda. Cupiditate quae quos. Et rerum vel expedita cupiditate eaque. Optio vel non et eum aut cumque. Incidunt similique saepe voluptatem ut blanditiis quam voluptas. Cum libero aut vero alias quo veniam. Illo aliquam voluptas qui eius porro repellat magni. Quisquam quam quo quas. Qui voluptatem aperiam. Ut minima consequatur vero saepe nesciunt sunt. Ab repudiandae dolorem consequuntur quia placeat.",127,2018-10-04 12:55:34,2020-04-13 15:51:58,"DENTAL<>SKIN<>HEART"
40,Sed mollitia voluptatem sunt.,"Quod sint doloribus cumque omnis quia quibusdam. Illum dolorem qui incidunt sunt dignissimos vel. Aut nulla quia ipsam sit voluptatum voluptatem consectetur. Consectetur asperiores quia eligendi magnam iure eveniet. Nihil sit sunt possimus odio totam nemo cum. Quae quia culpa. Laborum et delectus ut officiis. Amet voluptas ipsa ipsam. Officia voluptatem numquam aspernatur recusandae. Omnis consequuntur accusantium aspernatur. Vero ab eos laudantium. Cum sapiente et veniam. Possimus et in vitae occaecati quibusdam qui dolores. Quia ipsam laborum beatae quisquam unde tempore. Dolores voluptatibus dicta et earum sit fuga odit. Est exercitationem ratione corrupti et quo reprehenderit quasi. Natus ut possimus ut quasi odit quos. Aut aut magnam doloremque. Et cumque incidunt voluptas placeat at. Dolorum blanditiis accusamus nostrum et.",180,2019-12-28 09:05:46,2020-04-13 15:51:58,"EAR_NOSE_THROAT<>EYES<>DENTAL"
41,Necessitatibus odit exercitationem quo eum repellendus non blanditiis.,"Et eum quis reprehenderit ut. Aliquid molestiae molestiae corrupti. Facere quidem non fugiat minus rerum. Quis corrupti architecto alias sit vel. Mollitia commodi rerum modi ipsam nisi suscipit corrupti. Totam qui asperiores et. Soluta sunt laboriosam cumque sit voluptatum molestiae est. Dicta magnam qui quas cupiditate voluptatum tempora. Asperiores et omnis expedita est et. Eum odit adipisci temporibus ut recusandae quidem. Atque et delectus et labore illum occaecati. Quia qui qui ea voluptatibus consequatur. Voluptas aut et ex dolorum laborum suscipit iure. Ut dicta magnam et maxime est ut. Nesciunt delectus pariatur excepturi laboriosam veritatis eos. Neque omnis quisquam aut quis dolore. Velit perferendis ipsum ad sapiente minus.",180,2019-03-20 01:03:34,2020-04-13 15:51:58,"SKIN"
42,Qui dolore consectetur consectetur neque.,"Cupiditate ut qui sed corporis. Sed et in placeat dolorem. Non repudiandae cum. Quia nam repellat dolor cumque. Qui qui sunt dolore et deleniti sequi. Autem eos doloremque voluptates corrupti in et. Aut beatae a saepe ea alias. Eum provident inventore quia perferendis. Et necessitatibus omnis aut quia dolorum inventore. Aut et et. Quidem minus sapiente molestias commodi eos. Maiores ea nesciunt quibusdam est ut esse. Et suscipit porro laboriosam enim sunt doloribus. Molestias inventore excepturi aut consequuntur sit ratione magni. Quia tempore ea. Omnis magni et officia deleniti. Minus et in ratione ut est. Dolor error consequuntur consectetur quia dolorem sed tempora. Laudantium modi nemo ipsum quod non cumque. Autem in porro molestiae enim. Omnis provident eveniet omnis blanditiis rem.",57,2020-02-18 06:13:46,2020-04-13 15:51:58,"EYES<>DENTAL<>SKIN"
43,Dignissimos soluta qui id ipsum similique inventore.,"Nesciunt reiciendis illo et voluptatum. Eum quae autem ut beatae ad alias rerum. Hic placeat aut ipsa aut dolorum minus iste. Praesentium minima voluptas veritatis dolorum voluptatem repellendus. Labore sit enim error quos. Eveniet architecto fugit molestiae omnis. Laboriosam animi at quos aspernatur aperiam iste minus. Facere qui et eum. Ea error ut suscipit. Ut quod sunt ut nulla reprehenderit omnis reiciendis. Provident corporis totam autem quisquam sed ea. Aut rerum repellendus qui magni et. Voluptates voluptas ipsa provident nihil quam repellat dolores. Qui incidunt rem quia dolorum fugiat inventore. Est eligendi ipsum et. Expedita officiis quo sunt consequuntur minima. Est sunt quia fugiat. Qui iure optio dolores. Assumenda aut aut blanditiis nostrum enim. Ducimus illo nemo asperiores. Quibusdam quos voluptas eos maiores amet.",118,2017-04-21 21:10:13,2020-04-13 15:51:58,"EAR_NOSE_THROAT<>CHEST"
44,Ea harum voluptas culpa labore nobis dolores.,"Quam ipsum aperiam. In ut id animi natus aliquid provident molestiae. Et quia autem nisi dolores quia. Harum voluptate placeat consequatur qui fugiat. Sint quia quos ratione cupiditate incidunt id. Repudiandae aut voluptatem quae repellat totam. Eius tempora velit eos. Suscipit reprehenderit incidunt magnam eum ipsa culpa. Culpa in est animi et quo voluptas. Eos sed aliquam. Et voluptatum minus cumque reiciendis veritatis. Sapiente libero corporis similique eius fugiat porro deserunt. Ex labore dolor. Fuga unde optio omnis et. Iure quia qui necessitatibus animi ipsam ad. Dolores similique sunt est rerum. Porro molestiae adipisci quod voluptatem iste molestias aspernatur. Ratione vel itaque. Necessitatibus consequatur fugit facere dolores dolores inventore. Rerum a et ut ducimus.",49,2018-06-01 03:07:08,2020-04-13 15:51:58,"HEART"
45,Quod fugiat assumenda.,"Officiis qui animi aspernatur qui voluptas. Et velit est modi veritatis autem. Dolorum laudantium rerum eum. Qui veritatis et quas. Et nesciunt et. Hic non rerum alias commodi officiis impedit. Facere libero reiciendis aut nesciunt sequi facere necessitatibus. Numquam qui ratione quo doloremque quibusdam molestias. Reiciendis nemo ullam. Quo atque non et. Eaque magnam voluptatem veniam optio reiciendis officiis rerum. Cumque amet velit et qui unde alias. Est magnam exercitationem delectus illo autem sint. Est minus quo temporibus. Explicabo voluptas sit rerum. Necessitatibus ea perferendis consequatur. Numquam vitae non sed nulla ullam tenetur quia. Assumenda ut qui. Ducimus vel est aliquam amet. Enim rerum pariatur quas rerum vel. Nobis laudantium nam occaecati nam culpa a laborum.",196,2019-11-09 01:26:09,2020-04-13 15:51:58,"HEART"
46,Aliquid aut quisquam in qui et neque sapiente.,"Aut nam at distinctio neque provident. Omnis velit nemo ex fugit distinctio ipsum. Harum natus nobis similique sequi vel. Et tempora aut. Qui voluptatem rerum. Harum est aut suscipit minus rem. Eaque quisquam dignissimos quia sed. Ut dolor temporibus. Ut esse doloremque non doloribus perspiciatis. Vel ex culpa culpa nisi. Accusantium est ipsum eligendi. Ipsa ipsam quia qui maxime neque asperiores voluptate. Esse similique unde maiores neque ipsam fuga eos. Et quidem consequatur voluptatem voluptas ut. Qui magnam at. Blanditiis nihil labore perspiciatis beatae. Qui excepturi reprehenderit temporibus amet dolores placeat qui. Et enim itaque soluta nihil. Quae voluptatem explicabo. Nam perspiciatis omnis alias porro. Eligendi sed excepturi et.",12,2018-02-17 00:59:32,2020-04-13 15:51:58,"DENTAL"
47,Ut ex temporibus non totam dolor.,"Animi totam nam dicta. Ut totam est ratione laboriosam tempore laborum sint. Omnis porro explicabo aut impedit iusto. Totam adipisci porro. Aut tempora rerum voluptatum autem. Soluta fugit earum possimus labore nihil. Est sed modi ut vel aut sed distinctio. Autem odio molestiae hic id aut quaerat tenetur. Iste vel repellendus. Ab animi laboriosam suscipit. Sint laborum vero eveniet dolorem aut perferendis neque. Repudiandae ut sed totam consequatur voluptatibus tenetur doloribus. Quasi et voluptas aliquid enim quod enim adipisci. Eos quae nisi dolor hic. Ratione ducimus sed ad id modi doloremque accusantium. Necessitatibus aut reprehenderit at harum ut. Id consequatur eum. Corrupti et omnis saepe minus. Illo minus et velit.",117,2020-02-16 02:30:16,2020-04-13 15:51:58,"DENTAL"
48,Nam quasi molestiae dolorem est aut sequi facilis.,"Delectus architecto qui dicta tenetur blanditiis. Facere dolorem corrupti voluptas nostrum. Et earum non ut veniam blanditiis saepe odit. Iste quisquam autem sed. Tenetur voluptatem nostrum assumenda quia. Aut et corporis eum eos cum. Illo voluptas cum sit harum voluptas. Voluptatum dolores tenetur unde in blanditiis non. Dicta voluptatem quia ipsam. Aliquam vel vel et aut est incidunt. Officiis assumenda debitis omnis odio neque ut. Et nesciunt consequatur fugiat iste provident iusto. Omnis distinctio qui velit non non consectetur nisi. Voluptatum libero hic quaerat vel rerum. Aliquam aspernatur provident nobis occaecati. Iste aut tempora modi. Dolorem dolor ducimus nemo reiciendis quidem. Ipsum qui libero excepturi rem dignissimos dignissimos qui. Sed velit temporibus quos cumque laudantium maxime dolor. Eum harum aliquid. Omnis voluptas et iste cum architecto.",31,2019-01-28 08:34:50,2020-04-13 15:51:58,"CHEST<>SKIN<>HEART"
49,Ratione id dolor ut quas.,"Nostrum nulla ab excepturi consequatur. Distinctio velit consequatur voluptatibus qui asperiores. Non nemo reprehenderit nihil molestias placeat suscipit. Error necessitatibus voluptatem. Incidunt temporibus molestias quas labore aut adipisci. Dolor culpa rem a eius quia magnam. Odit velit facere saepe. Sunt odit cumque alias voluptas nesciunt est. Est corporis eius dolore qui qui voluptatibus. Rerum mollitia ipsa in. Mollitia et aut eveniet ullam quae facilis. Officiis et voluptatem voluptatem quia eos veniam sapiente. Pariatur suscipit facilis dolorum consequatur aspernatur quis deleniti. Sed molestiae et id. Necessitatibus vero laudantium hic corporis ut non. Minima voluptatem aperiam quo voluptatem. Nobis repellat et voluptatibus. Esse non consequuntur odio et laborum ducimus. Minima qui cum. Sequi dolorem quia et placeat aut est.",67,2020-01-10 19:56:27,2020-04-13 15:51:58,"HEART"
50,Deserunt beatae aut laudantium.,"Voluptas tenetur accusantium enim dolorum. In eum eum ut autem nihil assumenda adipisci. Exercitationem debitis quaerat veritatis. Amet assumenda similique nobis possimus. Omnis minus sit voluptas. Veritatis delectus architecto non vitae in corrupti. Sequi enim aut ut. Optio incidunt incidunt dolorem ut qui et sunt. Rerum animi vitae quisquam optio enim ad dolor. Ipsum voluptatum vero nesciunt iste dolores magni. Beatae consequuntur quo consequatur qui eum itaque. Maxime enim voluptas voluptas dicta eos enim. Omnis aut ipsum dolorem qui. Corrupti et laudantium. Aut laudantium cupiditate excepturi alias voluptas aut. Quos voluptatem optio ab totam quis iste. Sit expedita nemo. Earum rerum nisi impedit et incidunt repellendus et. Qui excepturi libero ex unde omnis dolores sapiente. Reprehenderit labore quasi.",159,2019-06-07 18:14:40,2020-04-13 15:51:58,"CHEST<>DENTAL<>SKIN"
51,Voluptas nihil minima dolor quae.,"Sit et suscipit. Sed nisi ut qui nihil ea qui nihil. Ut magni in soluta. Nihil occaecati rerum. Qui et molestiae laudantium. Sint quo sit aut reiciendis quis illo. Iure vel earum repellendus id. Eos est saepe id eligendi. Quis et cumque reiciendis. Dolor qui voluptas neque cumque. Tempore nulla atque deleniti sint. Omnis cum ut facilis sit qui non a. Consequatur praesentium minima facilis voluptatum rerum. Corrupti ipsam inventore quia natus. Dolor excepturi perferendis et iste libero aspernatur qui. Nesciunt sapiente ullam eum unde repellat vel. Aut impedit ipsum deleniti sed ipsa accusantium suscipit. Voluptatem voluptatem libero.",164,2019-09-04 02:38:53,2020-04-13 15:51:58,"EYES"
52,Temporibus eaque expedita natus fugiat sit.,"Corporis aperiam et enim mollitia excepturi perferendis. Suscipit ducimus labore accusantium. Dolores fuga rerum repudiandae incidunt quam enim maiores. Cum repudiandae omnis. Minus neque quas totam minus omnis ut. Sit aut hic. Voluptas et quo nostrum qui tempore omnis pariatur. Cumque eaque expedita fuga eos. Perspiciatis sit quidem quas qui at. Sunt quaerat atque voluptates dolore non animi. Quia ex mollitia corrupti perferendis. Quia veniam repudiandae. Debitis aut quisquam dolorem maxime nihil. Voluptas enim eveniet. Veniam tenetur voluptates fugiat quia magni est sed. Laudantium reiciendis voluptatem. Placeat fuga est. Modi suscipit ea quidem. Nisi et consequatur rem et rerum. Natus eos eos quia consequuntur officia molestiae molestias. Dolorum nostrum nihil vel laborum minima. Doloremque qui animi earum.",111,2020-03-03 12:24:43,2020-04-13 15:51:58,"SKIN"
53,Iusto eos in dicta.,"Vitae maiores culpa a ad voluptatem. Aliquid aut repellendus. Corporis praesentium consequatur maxime dicta ipsam. A natus corporis. Aspernatur dicta incidunt qui ullam perferendis. Voluptas dignissimos provident quaerat. Earum vero qui facere ut. Deleniti eligendi explicabo vel. Iusto voluptatum ratione. Doloribus est alias recusandae dolore fugit sit eum. Consequatur nulla culpa est possimus cum quis itaque. Laudantium suscipit officia animi enim. Ad recusandae fuga. Soluta dolor quasi amet. Saepe cumque est vero incidunt ipsa eum. Omnis sint consectetur eum qui. Odio dolorem quasi provident sint. Fugit nam odio quas quaerat optio eos hic. Laudantium eveniet minus velit ut ut perferendis. Blanditiis dolorem quia occaecati aut atque sed. Molestias ullam maxime nulla magni earum enim.",74,2019-06-18 12:07:48,2020-04-13 15:51:58,"SKIN"
54,Qui hic voluptatem maiores in.,"Enim neque dolor optio. Aut voluptate quis repudiandae ut. Dolor ratione sequi et. Eaque natus unde nisi ea. Distinctio autem esse voluptatem delectus tempora. Reprehenderit aut odit. Sed ipsam rerum. Nobis velit laboriosam modi. Aut ut laborum. Voluptate modi nobis voluptas atque quod. In eaque possimus suscipit. Laborum necessitatibus porro magnam. Laudantium sit eum placeat vel aut. Est facere quibusdam dolor incidunt. Excepturi ducimus aliquid ea sint est perspiciatis ad. Ea accusantium sed consequuntur. Sapiente totam earum sunt nam voluptas dolor dolor. Quia laudantium placeat et quas. Voluptatibus et vitae voluptatem. Earum vel sit dolor ut. Omnis atque voluptatem.",159,2019-02-25 15:15:17,2020-04-13 15:51:58,"EYES<>CHEST<>DENTAL<>SKIN"
55,Dolor laudantium sapiente nobis fugiat est architecto.,"Excepturi excepturi quas earum non corporis. Ab autem voluptatem ut velit corporis. Ut rerum est harum ducimus aut. Fugiat nam asperiores. Minima id dolores dolore ab odit a aperiam. Rerum molestias sunt quidem et. Nobis eveniet nihil nostrum alias. Quas ut et cupiditate ducimus libero deleniti. Ad alias voluptatibus. Veritatis molestiae ut laboriosam ut voluptates nesciunt. Et laborum et sit velit qui accusamus. Et aspernatur repellat voluptas porro perspiciatis harum voluptatem. Aut ipsa vel in voluptatibus explicabo. Pariatur occaecati harum. Sed hic qui occaecati alias fugiat expedita. Ducimus quo voluptatum voluptas qui quidem. Molestiae qui maxime optio et sint dolorum. Et cupiditate minus vel qui sequi animi sint.",184,2016-05-20 01:35:57,2020-04-13 15:51:58,"CHEST"
56,Et cum quisquam sed.,"Omnis beatae consequatur. Est sit voluptatem harum. Quidem minus blanditiis. Est velit nulla et voluptatem incidunt qui quas. Magnam molestiae excepturi aut adipisci quam asperiores. Id placeat molestias dolores ut pariatur consectetur aut. Totam facilis sit. Voluptatem rem quia repellat quas magni quasi. Hic nihil nulla facere facere aut. Veniam fugiat et delectus unde nobis. Qui dolorem vel illum tempora. Eos totam molestiae animi et dignissimos perspiciatis ad. Voluptatem voluptatem distinctio voluptatem autem quo necessitatibus et. Necessitatibus ut consequatur aut deserunt. Labore et rerum dolores quia sapiente. Modi consectetur totam sunt. Quae dolor quod.",160,2019-05-21 10:15:17,2020-04-13 15:51:58,"EAR_NOSE_THROAT<>EYES<>SKIN"
57,Excepturi laboriosam aut vel non facilis quaerat.,"Veniam quibusdam voluptas qui. Aut reiciendis omnis est facilis consequatur reiciendis. Voluptatem aliquid aut et id dolore magnam. Facere tempora at. Aut fugit delectus dolore saepe doloremque minima. Voluptas laborum ut error. Possimus ipsum neque quisquam corrupti veritatis. Est aliquam nisi et tenetur ad et beatae. Illo accusamus quia tempora autem. Dicta dolores perspiciatis quis illum voluptas. Nostrum qui repellat aperiam expedita nemo voluptas quis. Deleniti rem est sed nihil totam quo. Eaque qui et rem similique corporis. Dolorum fuga vero quia dicta consequatur. Non illo reprehenderit. Numquam ipsam distinctio accusantium ea repellat voluptate voluptatem. Quis illo quam accusamus porro ut optio. Quo qui id. Culpa omnis animi quam. Velit dicta dolorum.",57,2020-01-02 23:02:26,2020-04-13 15:51:58,"EYES<>CHEST<>SKIN"
58,Maxime rerum rerum a voluptas reiciendis.,"Est cupiditate aut non. Esse aliquid omnis. Et quia dolore et voluptas. Sit qui repellat consequatur accusamus eos. Qui rerum esse aperiam unde iure a. Totam aut molestias id saepe at dicta qui. Quasi doloribus soluta unde molestias voluptas voluptatem necessitatibus. Autem et tempore eaque est illum. Sit quos rerum quibusdam est saepe minima enim. Quo unde saepe velit sint. Nihil blanditiis quis quia ad sit odit tempore. Et id rerum nisi cupiditate odio et quos. Voluptate suscipit velit corrupti consequatur. Et consequatur sapiente laboriosam vero nulla mollitia quam. Ullam voluptatibus id voluptas vel eaque. Ut dolorem adipisci sunt ipsam. Dolor quia et est. Vel soluta modi. Quasi voluptatibus ea numquam consequatur velit vero quia.",140,2019-07-09 00:32:47,2020-04-13 15:51:58,"EAR_NOSE_THROAT<>DENTAL"
59,Molestias quo hic qui.,"Consequatur dolorum eveniet porro et blanditiis ut. Repellendus eveniet natus nobis excepturi quisquam qui sunt. Sunt perspiciatis voluptates nihil tenetur. Nobis in voluptatem aut sunt. Occaecati adipisci sed eos. Et iste enim delectus pariatur aut reprehenderit quia. Odio et non quas sit. Eveniet autem magni rerum. Nostrum aperiam eos rem laborum. Dolorum excepturi ut in blanditiis rem. Exercitationem iure placeat temporibus labore minus. Enim id repellat ea quam velit. Impedit ut deserunt dignissimos facere saepe expedita et. Laborum qui distinctio. Et qui quia suscipit ab accusantium explicabo animi. Voluptates nihil quia. Velit unde magnam eligendi sint earum sunt. Aut nobis inventore nesciunt aperiam sed. Impedit molestiae recusandae suscipit illum. Vero quaerat et ut qui.",154,2017-06-02 22:22:12,2020-04-13 15:51:58,"CHEST"
60,Repellendus qui laudantium sapiente id modi excepturi.,"Repellat doloremque voluptas. In omnis vel. Et nulla quaerat et exercitationem quia quasi omnis. Aspernatur est aut fuga. Aliquid voluptas vel. Accusamus perferendis sequi voluptatum. Distinctio recusandae eum voluptates tempora. Cupiditate beatae aut perferendis quia. Possimus harum quasi sint aliquam tenetur. Corrupti repellat corporis itaque libero. Voluptatum qui sint et cupiditate dolor facilis. Non quod illum voluptatum est aperiam iure voluptatibus. Non aut qui necessitatibus eos nihil nulla. Porro sapiente magni. Et itaque voluptates et voluptas. Totam nihil ipsum fugiat quos. Est quasi necessitatibus est quae nihil id consequuntur. Maiores adipisci omnis dolorum. Adipisci sunt exercitationem qui. Doloremque eum voluptatem cupiditate mollitia minus. Ratione ut ea voluptatem aut quia. Praesentium quo omnis sed quia asperiores dolores. Omnis odit perferendis.",74,2020-01-04 23:20:59,2020-04-13 15:51:58,"EYES<>SKIN<>HEART"
61,Enim molestiae est sit assumenda sequi.,"Autem omnis quis amet perspiciatis similique. Est aut non quae ut quas. Illum occaecati quibusdam dolore pariatur aut quas. Ab facere molestiae explicabo. Adipisci aliquid consequatur. Quaerat recusandae rerum ut ex. Quia quia doloremque et nemo tenetur. Ipsam saepe molestias qui optio eveniet. Quia quibusdam qui deserunt temporibus. Quas beatae consequatur. Reprehenderit deserunt officiis recusandae. Cupiditate repellendus quam est quis. Cupiditate accusantium itaque dolores voluptatem et libero. Dignissimos nesciunt commodi dolorem. Eos sed modi quae aut iste. Quibusdam odio fuga quibusdam a omnis occaecati. Enim reiciendis voluptates nihil voluptatem. Debitis sint laudantium velit exercitationem dolorem. Architecto repellendus cum. Id qui expedita laudantium atque. Quis non ut architecto velit quo eveniet. Ad architecto harum rerum. Consequatur doloremque omnis sit cupiditate sunt.",107,2018-02-01 12:20:18,2020-04-13 15:51:58,"EYES<>DENTAL"
62,Suscipit fugiat unde facilis doloremque.,"A corrupti exercitationem voluptatem id qui rerum est. A distinctio fugiat omnis hic aperiam cumque. Dolorem porro distinctio a assumenda minima deleniti. Eveniet repellendus est laudantium. Ratione commodi eaque quia vel nemo. Cum quo est eos illo inventore sed. Hic est modi cum dolorem. Quaerat est a autem nihil explicabo. Vero amet quos velit praesentium omnis qui aliquid. Qui doloribus soluta dolores. Dolorem et eligendi ea. Voluptatem repudiandae eaque nulla recusandae atque vitae. Autem totam voluptatem minima nulla praesentium nobis. Itaque eius natus non ut qui impedit est. Doloremque delectus eum voluptatem reiciendis aperiam. Ut non tempore autem animi. Amet adipisci illo tempora repellat fugiat. Similique quam laboriosam aut quisquam cupiditate. Sit illo voluptatibus. Illum deserunt voluptatibus tenetur impedit voluptatum. Officia ut sequi. Ducimus consectetur sed. Nemo qui modi assumenda sunt.",154,2018-08-22 23:21:18,2020-04-13 15:51:58,"CHEST<>HEART"
63,Optio perspiciatis est vel.,"Totam iusto doloribus aut molestiae. Dicta pariatur enim id sunt eos. Laboriosam impedit quia debitis. Rem quidem exercitationem. Rerum architecto delectus saepe commodi doloribus quo alias. Pariatur tenetur delectus. Non blanditiis tenetur. Quod quas asperiores rerum neque. Iure eum velit consequatur omnis. Consequatur veniam voluptas. Sed maiores commodi. Vitae eos vitae saepe. Officiis voluptatem cum dolorem sint. Totam distinctio laboriosam perspiciatis natus. Necessitatibus expedita assumenda reprehenderit magni ut non rerum. Sapiente officia natus qui. Earum possimus consectetur. Magni animi qui ducimus est. Mollitia corrupti quia qui earum consequatur delectus magni. Error quod maiores voluptatem. Inventore consequatur animi aliquam quas. Qui ut ut et et nobis.",155,2019-03-16 21:22:23,2020-04-13 15:51:58,"EAR_NOSE_THROAT<>EYES<>SKIN<>HEART"
64,Ut cupiditate quo eum dolor consequuntur quaerat et.,"Dolores consequatur quia debitis sunt. Nihil vel voluptas voluptas nemo non. Eos aut accusamus quia. Est explicabo sit ad iure officia. Ut aut qui maxime et. Provident voluptate dolores nostrum impedit est. Qui fuga voluptatem numquam corporis aut laboriosam. Enim iusto itaque voluptatem ea incidunt quis accusantium. Odit numquam neque. Saepe perspiciatis dolor odit officiis est architecto ipsa. Architecto atque vel provident error ut. Quam temporibus omnis dolorum nesciunt mollitia. Iusto dolorem eum et. Corporis non non labore commodi dolorem maxime. Omnis consequuntur ut. Omnis sint perspiciatis et. Doloremque nesciunt harum. In voluptatibus distinctio natus velit ut. Rerum magni ipsum qui quia error eaque ut. Qui dolorem aut architecto. Fugit ab temporibus iusto quis molestiae fugiat distinctio. Culpa et ipsa illo nesciunt. Numquam unde inventore sed blanditiis omnis libero.",29,2017-03-23 06:29:10,2020-04-13 15:51:58,"EYES<>CHEST<>SKIN<>HEART"
65,Rerum provident quaerat enim vel.,"Nihil tempore amet corporis fuga. Dolores ab qui quos voluptas harum. Suscipit quo reiciendis eius enim et. Eveniet libero ullam non. Dolor aut iste est culpa ullam et consequatur. Nisi velit dolores beatae. Repudiandae dolore dicta iure quo cupiditate nihil. Dicta perspiciatis delectus. Incidunt quisquam nulla eveniet et sint eaque occaecati. Tempora consequatur atque molestiae dolore accusantium ut. Ut corrupti est iusto veritatis et magnam. Accusantium dicta repellendus natus voluptatem aspernatur a. Sapiente enim dignissimos. Aut non labore nostrum dolor. Dolor iure est est sit et aspernatur vitae. Adipisci dicta aut. Delectus qui officia ad facilis dolore odit.",8,2018-04-08 19:56:42,2020-04-13 15:51:58,"HEART"
66,A sequi temporibus consequatur beatae.,"Qui id id veritatis. Voluptatem qui nam. Nam et velit accusamus sit quia quasi. Nulla ipsum aut itaque sit temporibus facere. Debitis corrupti qui accusantium ipsum iure repellendus cum. Delectus qui impedit harum facilis et beatae excepturi. Voluptatibus dignissimos tempore porro. Necessitatibus excepturi rem harum sequi quia. Et illum ut provident eum est consequatur. Debitis aut eum. Reprehenderit iusto magni non excepturi ad. Nobis dolor dolorem est nam aperiam atque minima. Officiis est voluptatibus necessitatibus. Nostrum laboriosam nostrum repudiandae. Ipsam eum totam. Officiis corporis occaecati esse repellendus pariatur ullam. Qui aut ipsa sunt. Deserunt facere adipisci eligendi quae. Quia consequatur vel et distinctio fugit magni. Eius ab dolores maiores sunt sed animi ad. Sit qui excepturi autem sint. Et ut molestiae eveniet dolores. Sapiente aspernatur laboriosam repudiandae sint deleniti beatae. Qui voluptas deserunt.",184,2016-12-04 06:31:06,2020-04-13 15:51:58,"EAR_NOSE_THROAT<>DENTAL"
67,Aut hic provident et earum.,"Aut nobis perspiciatis recusandae et adipisci quasi. Dolorum molestiae et blanditiis quis ipsa impedit et. Sunt porro eos. Facilis explicabo magnam voluptates modi. Et molestias dolore nesciunt. Velit dolore eum aspernatur. Tenetur voluptatum vel quibusdam et voluptatem. Totam inventore a modi libero necessitatibus sed et. Sequi totam temporibus et vero incidunt ut. Earum aperiam quo et. Quo itaque aperiam vel impedit velit eum ipsam. Voluptate quia est molestiae placeat rerum. Nihil odio quam quibusdam amet recusandae delectus dolorem. Et exercitationem labore dicta voluptatem. Repellat et nihil ut ipsam optio. Qui praesentium nobis et perspiciatis itaque. Ducimus quo qui error quod ut. Est neque dolor. Atque provident omnis inventore cumque nam earum. Sunt iusto cupiditate occaecati. Voluptatem sit qui in aut repellat.",29,2016-08-19 10:10:05,2020-04-13 15:51:58,"EYES"
68,Consequatur aspernatur possimus nesciunt sapiente recusandae illum.,"Cumque est placeat voluptatum. Aut enim totam. Saepe debitis voluptas quibusdam. Officia amet repellendus saepe nihil sequi aperiam quis. Odio totam unde. Omnis aliquid commodi autem. Assumenda at voluptatem laborum voluptatem veritatis voluptatem nesciunt. Omnis officiis eum nemo qui esse quod quia. Reprehenderit dolores quod neque esse. Fuga voluptas nulla explicabo tenetur alias. Autem quia ut dolorem deserunt. Ratione quae dolorem. Commodi amet reiciendis alias non accusamus. Ratione voluptatibus quo cupiditate. Culpa perferendis amet est alias dolore. Est labore consequuntur. Dolores porro hic praesentium architecto. Dolor nemo ea ad. Corporis maiores quis ea.",124,2020-03-21 03:49:18,2020-04-13 15:51:58,"DENTAL<>SKIN"
69,Blanditiis est quisquam.,"Dolore dolor tenetur exercitationem quo perferendis commodi. Aut natus aut quos. Qui animi quia vero. Et dolore cupiditate culpa similique tempore nam in. Molestias omnis quia magni quis optio sunt enim. Nam est error impedit sunt. Est aliquid repellat soluta aliquid non. Accusantium explicabo veniam voluptatem et. Nesciunt ut aliquid sed quisquam modi quia. Itaque laudantium voluptatem. Ipsa amet aliquam. Officiis nulla eaque velit. Saepe sint incidunt. Cumque impedit nam quo. Est quia aut. Quos dolor pariatur exercitationem. Odit corporis voluptatem aspernatur.",117,2019-12-21 06:24:05,2020-04-13 15:51:58,"EAR_NOSE_THROAT"
70,Deserunt aut enim pariatur pariatur in aut beatae.,"Aut dolore autem ut qui. Doloremque natus iusto culpa qui natus. Velit et voluptatem aut. Fugit rerum adipisci. Cupiditate iste minima in est. Et ut corporis qui modi ad eos saepe. Tenetur tempore ea molestias consectetur et et. Ducimus corporis id explicabo occaecati sit. Omnis eum qui quaerat natus. Velit atque maxime temporibus deleniti. Numquam inventore doloremque cupiditate. Adipisci a accusantium quo est pariatur ea. Quia illum qui et rerum itaque tempora. Eveniet ea esse vero velit accusamus. Est itaque fugit saepe et. Ullam aut incidunt est. Qui voluptatem labore necessitatibus et officia neque sint. Consequatur et vel animi ducimus consequatur.",189,2018-12-18 14:54:30,2020-04-13 15:51:58,"EYES<>CHEST<>SKIN<>HEART"
71,Quidem non rerum reiciendis ratione consequatur.,"Quis alias accusantium ut nobis. Praesentium quasi modi ut sint et pariatur consequatur. Dolorem consequatur tenetur hic. Ut unde sit dicta minima culpa ut id. Dicta reiciendis quae non aut quibusdam vitae dolore. Temporibus veniam necessitatibus laboriosam consequatur repellat dolorem sed. Nostrum voluptatibus consequatur. Sit et sed velit aut qui cumque. Unde alias est vero itaque doloribus. Et repudiandae excepturi iste. Numquam vero ipsum eos. Corporis commodi quidem eveniet quia. Voluptas maiores et sapiente. Repellendus expedita magnam eveniet rerum. Id dolores voluptates. Qui quidem impedit deleniti. Voluptates maiores harum rerum qui. Hic optio enim vel tempora. Quis magnam et.",56,2018-05-08 18:08:21,2020-04-13 15:51:58,"EAR_NOSE_THROAT"
72,Est qui quo odio ea cumque ut.,"Tempora sequi rerum possimus ut voluptas. Ipsam laudantium iste. Earum facilis perspiciatis aut minus quo enim facere. Nostrum omnis quia qui omnis quia. Dolorem doloremque consectetur illum at animi. Iusto quo quae. Harum nisi dolor. Inventore aut eos provident. Iusto et quia et excepturi sed autem optio. Sint aut accusantium nesciunt alias. Voluptas facilis fugit voluptates qui eaque minus modi. Et ipsa rem quia dolores. Qui illo ipsum est ipsam dolores neque ut. Consequatur nemo veritatis distinctio perspiciatis. Voluptates laboriosam sunt unde. Fugit molestiae neque dolore aut facere beatae. Vero quae molestias. Sit praesentium odio et minus. Ea vel consequuntur odio molestiae excepturi est voluptatem.",164,2019-10-08 18:46:06,2020-04-13 15:51:58,"EYES<>SKIN"
73,Voluptas dolorem laboriosam et officia et non.,"Ab excepturi cumque molestiae rem. Alias eos corporis placeat. Numquam magnam quam sunt. Nihil porro suscipit eos in quisquam quidem doloribus. Nulla provident ipsam id repellat eos ad. Aliquid ex quia possimus nihil ea neque. Praesentium qui hic. Est delectus explicabo sed possimus sint cumque. Vel sapiente quia. Incidunt sunt quae ipsa rerum et magnam. Officiis voluptatem recusandae voluptatem perspiciatis. Labore consequatur eius quia. Neque facere eaque ut deleniti iste quia ab. Vero et quis ab magnam sed est. Incidunt culpa tempora est vel voluptatem a perspiciatis. Incidunt labore corrupti ut. Facere aspernatur qui quidem. Dolor est et voluptate iusto amet. Voluptate eius quae neque vitae autem doloribus praesentium.",180,2016-12-11 22:21:52,2020-04-13 15:51:58,"EYES"
74,Et quam et dolorem sit quis velit aperiam.,"Mollitia recusandae iusto nostrum saepe veritatis natus. Minus eaque incidunt. Fuga maiores laboriosam dolor qui doloribus. Odit praesentium sapiente facere. Asperiores totam aut optio. Omnis consectetur aut officiis. Enim non laborum facilis eum et. Eius nulla rerum animi voluptatem quo neque expedita. Nesciunt aut et omnis minus veniam. A eos voluptas quibusdam deserunt minus repellendus numquam. Rem minima tempora quis excepturi nemo nisi est. Laboriosam quae aut non nesciunt suscipit ut dolores. Cupiditate libero mollitia eaque distinctio odit ut dolor. Consectetur qui ipsam similique. Et quibusdam unde fugit temporibus ipsam rem consequatur. Ipsam nobis vero ut aliquam ut. Perspiciatis voluptatum nesciunt quos alias iste sed sequi. Quisquam qui fugiat iusto totam. Ducimus et optio placeat earum. Eos libero in dolorem necessitatibus qui ut illo.",180,2017-02-05 13:52:06,2020-04-13 15:51:58,"CHEST"
75,Excepturi laboriosam sint ratione reprehenderit.,"Rerum magnam ad explicabo ut. Nobis corporis amet architecto molestiae vitae. Dolor et similique labore nobis. Autem earum veniam harum. Quam sed blanditiis ratione eos quia. Quod perspiciatis voluptatum nam totam. Voluptas consequuntur esse laboriosam aperiam modi in eaque. Qui ullam est et neque. Dolores nostrum nostrum et labore iure aut nam. Eligendi et sunt minima. Molestias quas cumque. Quia eaque fuga rem dolorum quos animi veniam. Cupiditate rerum dolor officia omnis. Consequatur officia aut eaque delectus facilis. Illo quis praesentium earum blanditiis voluptate quia itaque. Qui laudantium sint atque deserunt non. Vel ut tempore officia voluptas dolor quod. Aut iure ea omnis quia officia omnis est. Ea quisquam molestiae et voluptatum officiis et.",121,2018-02-19 16:07:29,2020-04-13 15:51:58,"EAR_NOSE_THROAT<>EYES<>DENTAL"
