1,Hematology_Oncology,"Dignissimos laborum reprehenderit eius repudiandae officiis est. Quae qui omnis nihil. Omnis at quasi. Autem rerum temporibus. Impedit quisquam quo atque. Officiis nostrum ex temporibus voluptatibus saepe nihil. Soluta et molestiae qui odit velit. Quia voluptatibus est impedit consequuntur non consequatur. Dignissimos neque quia eius reprehenderit necessitatibus odio. Sit aut aspernatur saepe ratione. Molestias amet facere atque.",157,2017-11-04 13:39:39,2020-04-13 15:51:58
2,Endocrinology,"Sed iusto ratione. Voluptas est possimus exercitationem alias quis. Quas perferendis quas aut porro totam dicta. Quam nihil perspiciatis enim eligendi qui iusto. Odit rerum sed ipsa praesentium omnis. Ea ut est et aperiam quae quas. Aliquid natus exercitationem eum. Voluptas officiis error dignissimos nulla at. Et voluptas architecto dolorum. Quis et reprehenderit blanditiis quibusdam qui. Est labore quaerat. Quisquam officiis qui dolorem aliquid accusantium quia.",156,2015-08-05 10:21:15,2020-04-13 15:51:58
3,Hematology_Oncology,"Est voluptas autem enim sequi perferendis velit aut. Laborum officiis numquam ipsam doloribus ducimus. Est quia porro vero omnis sapiente sunt vel. Ipsa eaque ipsa consectetur officiis neque beatae. Ut consectetur voluptatibus officia voluptas dolor architecto quae. Animi iure perferendis et excepturi cupiditate et ipsum. Cumque veritatis doloribus eligendi est nemo quae. Perferendis non est et quia. Soluta dolorum tenetur cum. Et est enim quo enim. Aspernatur est sed sequi. Et nihil perspiciatis.",124,2018-01-22 16:14:00,2020-04-13 15:51:58
4,PhysicalMedicine,"Ipsum quia ut nulla dignissimos sunt voluptatem. Nostrum molestias culpa consequatur sunt quia dolores. Officia velit quia est a voluptas enim. Ut et autem ut. Facilis nihil architecto iure. Architecto nihil cum sit voluptas repellat hic sed. Maiores pariatur ratione nihil dolore voluptate quis qui. Tempore velit ut in voluptatem. Rerum at modi culpa et dolor nostrum. Placeat repellendus omnis quaerat reprehenderit inventore necessitatibus. Numquam accusantium et non ipsam numquam. Nihil dolore necessitatibus et ducimus.",108,2018-03-10 16:09:07,2020-04-13 15:51:58
5,Nephrology,"Porro consequuntur quam voluptatem perspiciatis. Quae sint praesentium ut praesentium nesciunt minus repellendus. Aliquid ducimus et aut unde ullam non natus. Quae dolorem aliquid qui voluptatem voluptas animi qui. At perspiciatis aut veritatis et autem. Sit possimus minus qui harum. Maxime tempore voluptatum aut ad. Repellendus nostrum similique at facilis et et explicabo. Iusto at earum praesentium itaque aut. Consequatur quisquam nam.",49,2017-04-12 19:37:45,2020-04-13 15:51:58
6,GynecologicOncology,"Dignissimos odit porro. Quasi tempora commodi deserunt magni voluptas. Dolorum rerum nihil enim. Sunt perspiciatis asperiores alias quisquam non. Voluptas voluptatem quas cum eius. Id id consequatur. Et perferendis dolorum aut dolorum. Voluptatibus ullam maxime sequi impedit. Harum accusamus debitis est. Est suscipit quia quod debitis dolore.",58,2017-10-29 17:39:58,2020-04-13 15:51:58
7,ObstetricsAndGynecology,"Pariatur debitis alias dolorem dolore dolorum vitae. Maxime dolorem qui. Quasi amet illum. Animi quia sunt quia quam et ipsam ipsa. Aliquid dicta expedita. Dignissimos rem ducimus cumque assumenda fugiat. Eos fugit minus. Assumenda voluptate temporibus sint dolorum. Labore aperiam iusto in provident. Sunt quis itaque quas.",31,2015-12-06 22:06:19,2020-04-13 15:51:58
8,Anesthesia,"Eius beatae quo. Sequi aliquam asperiores at quo alias. Facilis id consequatur et atque consectetur itaque. Qui vitae debitis qui rem. Sunt delectus enim ea. Laudantium animi voluptatibus. Blanditiis aut quis non. Sit itaque laborum saepe labore quas. Quia doloribus et. Architecto sed architecto et eos. Non non voluptate. Pariatur aperiam aut nostrum.",111,2020-02-08 07:48:46,2020-04-13 15:51:58
9,NuclearMedicine,"Qui optio quibusdam sed sapiente facere impedit. Est consequatur veritatis consequatur placeat dolor sed. Eos perspiciatis qui et dolore ut neque. Dolorem reprehenderit eum commodi fuga. Odit laudantium suscipit voluptas cumque dolorum doloremque velit. Officiis autem qui. Consequatur expedita pariatur. Nulla sint ut laborum asperiores assumenda autem. Pariatur quod debitis sint voluptatem libero aut sit. Praesentium ipsa qui minus debitis quia.",8,2018-01-10 02:31:25,2020-04-13 15:51:58
10,Pathology_SurgicalAndAnatomic,"Ex natus sunt perferendis aut voluptatem dolore officiis. Eaque dolorum voluptas. Voluptatem molestiae sed. Dolor maxime dolorem ipsa. Est et necessitatibus nostrum omnis porro eos sit. Sed quos ullam. Facilis itaque id. Laudantium maiores et quia facere et totam. Tempora hic sit voluptatibus quia velit. Dicta vitae incidunt est deleniti eos earum. Rem blanditiis occaecati eos mollitia. A nostrum eos repellat.",12,2017-12-28 10:27:41,2020-04-13 15:51:58
11,CardiovascularSurgery,"Laudantium id quis quae nesciunt. Cum nostrum sint iusto. Sapiente recusandae est non facere dolorem debitis. Est ut saepe laborum. Sit qui excepturi ut. Architecto necessitatibus et architecto tempora. Atque autem id autem alias facilis. Ab qui provident maxime illum amet. Delectus vitae repudiandae. Doloribus nostrum quia numquam sint. Iusto omnis accusantium facilis sunt et. Ex autem ut ea vel laboriosam.",103,2017-07-29 11:53:12,2020-04-13 15:51:58
12,Orthopedics,"Facere nostrum quis saepe dolores. Delectus quia deserunt vel nemo voluptatem sit reiciendis. Voluptas ullam et voluptate esse temporibus explicabo nobis. Eum cupiditate consequatur. Perspiciatis nesciunt reprehenderit esse. Fugiat ipsum deserunt. Laudantium facilis sed. Quasi occaecati qui non ut laborum sit. Et ut vel ratione cupiditate. Ut sit aliquam sit in. Porro alias delectus velit consequatur quia distinctio.",51,2018-09-15 14:34:49,2020-04-13 15:51:58
13,Nephrology,"Enim sunt dolorem placeat ut eos iure. Et aut officiis aut qui. Non sit quia et nisi ullam. Sunt numquam dolorem fugit et. Nesciunt minima nesciunt omnis officiis possimus iste. Dolor quas perspiciatis ducimus earum recusandae assumenda unde. Doloremque autem enim iusto vitae adipisci ipsum beatae. Dignissimos aspernatur corrupti. Corporis alias suscipit. Delectus non dignissimos alias hic odit rem reiciendis. Impedit ea labore nihil maxime.",42,2018-12-02 01:39:35,2020-04-13 15:51:58
14,PediatricSurgery,"Quasi numquam excepturi. Enim ipsam sed error. Rerum qui asperiores porro iusto non. Ut voluptate ut dicta amet. Optio ut maxime nobis autem. Rerum consequatur magnam nemo quam adipisci excepturi perferendis. Non voluptatem corporis illum impedit. Iste quos sapiente harum sequi deleniti. Voluptates hic illum accusamus eum tempora. Ex ipsam voluptatem et id. Voluptatibus tempora aut ad quo magni veritatis ut.",56,2017-08-23 15:39:13,2020-04-13 15:51:58
15,ColorectalSurgery,"Recusandae cum voluptas itaque. Qui voluptatem sed accusantium unde impedit. Qui labore est vel officiis dignissimos accusamus ullam. Sit laboriosam minus nihil sit aut maiores dolorum. Perspiciatis et voluptates numquam rerum earum incidunt quam. Dolore dignissimos soluta temporibus quas maxime. Et assumenda quo non. Harum explicabo tempora dolorem dolorum reiciendis est. Quia beatae est est commodi quia dolorum. Quis veritatis voluptatum dolorem repudiandae quia quae ut. Deserunt assumenda deserunt non.",112,2015-12-31 00:25:29,2020-04-13 15:51:58
16,Orthopedics,"Quam cupiditate delectus quis. Aspernatur odit ea quia omnis nisi qui. Dolores in in. Deleniti commodi quia. Sed vel voluptatem praesentium nam laudantium optio nihil. Beatae perspiciatis esse eveniet aut. Nihil in aut molestias. Excepturi reiciendis unde ipsum perspiciatis. Veniam rerum et et ipsa alias. Eligendi magni blanditiis sit doloremque. Possimus quod animi est laborum maxime.",164,2019-02-09 07:07:02,2020-04-13 15:51:58
17,ObstetricsAndGynecology,"Quos eos et earum dolorem est molestias. Numquam provident excepturi harum modi harum dolores. Ut nihil sint atque. Doloribus officiis eaque. Fugit molestias sed. Optio et natus aliquam similique voluptatem ipsa qui. Ut minima rerum aliquid laboriosam dignissimos sint aliquid. Odit non ea aut et veniam voluptates. Enim sit officia quas cupiditate dolor. Molestiae unde ea dolores omnis.",164,2019-02-09 07:07:02,2020-04-13 15:51:58
18,PediatricSurgery,"Sed ratione voluptas dolore veritatis. Enim nihil non nam quis quis nesciunt. Natus eum eveniet nostrum. Enim officia dolorem quibusdam. Totam accusamus a aliquid maiores odit voluptatem recusandae. Ad ipsa rerum sequi voluptas necessitatibus. Consequuntur ex quas laboriosam hic perspiciatis repellat aliquid. Dolor molestiae amet. Iusto eveniet quasi. Recusandae ad quia expedita ipsam et rerum. Voluptatem est ut est non omnis qui. Nihil nesciunt enim.",172,2018-05-26 20:43:00,2020-04-13 15:51:58
19,MedicalGenetics,"Ut ut voluptate qui quod quia a. Debitis quos sit temporibus sint. Quod et ut non. Repellat nihil eveniet. Vel aliquid expedita non sed autem hic ut. Pariatur ut assumenda ea vitae ut. Perferendis ea atque. Debitis qui magni aut facere perspiciatis doloribus. In quia omnis. Ut nihil maiores corporis ut suscipit. Illum dicta mollitia sint veniam aut voluptatem alias.",161,2019-11-10 17:59:53,2020-04-13 15:51:58
20,Neuroradiology,"Exercitationem odit blanditiis quidem non dolores. Velit ex natus occaecati vero. Aliquid dolores ut animi cupiditate hic est non. Sit numquam temporibus sed nulla aut et. Aperiam sed totam aut. Inventore quia et voluptas error reiciendis perspiciatis. Accusamus delectus facilis voluptas enim. Illum corporis doloribus possimus distinctio omnis facilis. Hic et aspernatur magnam. Sunt fuga enim.",74,2018-12-19 21:45:54,2020-04-13 15:51:58
21,Nephrology,"Consequatur sunt quia et non. Optio velit voluptate repudiandae beatae omnis sunt. Debitis facilis dolor facere at omnis. Similique qui et id. Voluptate eos deserunt dolore fugiat. Aliquid eos ullam minus consectetur quaerat non quis. Quae et nam non incidunt modi et qui. Enim quia quia veniam. Nobis velit voluptatibus enim dolores non ut rerum. Quos explicabo voluptas similique qui tenetur. Non error odio libero assumenda occaecati.",48,2019-03-21 13:18:45,2020-04-13 15:51:58
22,Allergy,"Odit tenetur magni. Sunt quo dolores natus beatae. Facilis magni dolor temporibus minus sapiente in illo. Inventore nam corrupti ipsam omnis nulla sint. Sit et in veritatis iure. Sit magni ipsa occaecati iure repellat voluptatibus id. Tempore qui eos culpa dolores id et. Et consequatur voluptatibus. Suscipit odio qui. Atque id non. Est qui occaecati nisi qui qui.",189,2018-07-07 14:32:14,2020-04-13 15:51:58
23,InterventionalRadiology,"Fuga a aliquid. Quo soluta ea provident officiis. Ea atque soluta dolores. Consequatur praesentium unde et dignissimos ea est. Occaecati a aspernatur rerum. Accusamus nam in repellat et eos animi ab. Assumenda ut explicabo eum adipisci. Et aut et ea. Doloribus suscipit consequatur et. Non consequatur quae. Velit quas molestiae quia similique aut molestias. Unde vel qui.",160,2015-11-09 15:54:39,2020-04-13 15:51:58
24,Gastroenterology,"Minima est sit iusto blanditiis harum alias eaque. Est rerum provident mollitia pariatur optio et. Porro temporibus atque ut aut. Sapiente dolor corporis. Id sit et dolor libero blanditiis quos. Quas qui ut non quam voluptas. Commodi voluptas rem illo. Deserunt dolorum voluptatem. Alias omnis voluptatum magnam rerum. Est sit in id ut ut perferendis consequuntur. Et dolores doloribus facilis aspernatur voluptas voluptas qui. Possimus rerum possimus deleniti.",177,2018-02-02 23:45:55,2020-04-13 15:51:58
25,Neurology,"Soluta ad cupiditate. Quia qui neque. Culpa pariatur asperiores. Saepe voluptates impedit itaque iusto ut. Fuga libero nulla veniam praesentium eum. Corporis autem porro placeat quasi quia. Ratione earum nulla culpa sed aliquid sapiente iure. Qui veniam qui saepe itaque illo ab tempora. Neque itaque ex quos et corporis necessitatibus nesciunt. Culpa quaerat amet pariatur ad dolores perspiciatis.",1,2017-01-23 23:11:11,2020-04-13 15:51:58
26,InterventionalRadiology,"Architecto a aut totam. Ex alias veniam ipsum tenetur incidunt. Voluptatem cumque enim voluptas ut. Corrupti ullam et id quae. Nihil facere dolor repellendus architecto dolorem. Et repellat temporibus. Atque qui eveniet explicabo libero rem quos. Praesentium eveniet molestiae natus corrupti iste iure nemo. Asperiores et suscipit quam. Eligendi repellendus sunt quia corporis ab optio dolores. Tempore quae recusandae. Quos iusto aut asperiores.",74,2018-12-19 21:45:54,2020-04-13 15:51:58
27,NuclearMedicine,"Tempore itaque saepe rem soluta neque eum omnis. Ducimus est in odit qui id mollitia officia. Sequi unde ut quis quos amet minima. Voluptas velit eius doloribus harum. Quis voluptatem expedita voluptatem impedit quia. Inventore consectetur odio rerum in. Veritatis hic optio vitae enim autem cumque. Porro assumenda vitae quae maiores quia. Nemo consequatur voluptatum ratione rerum. Autem nihil blanditiis repellendus repellat enim et nemo.",117,2019-05-30 22:27:47,2020-04-13 15:51:58
28,NuclearMedicine,"Labore voluptates tempora excepturi magni. Saepe velit ullam magni repellat. Dolore voluptates est. Voluptatem blanditiis nam eveniet corporis. Ducimus rem repellat amet laborum. Vitae quae delectus numquam nobis id laboriosam aut. Aut pariatur velit sequi eius accusantium et. Accusamus saepe ipsam non cum quae repellendus consequatur. Sunt qui tempore eos. Quia eligendi occaecati molestias. Mollitia adipisci enim officiis tenetur nobis hic. Eum ratione dolor.",62,2016-08-14 02:08:27,2020-04-13 15:51:58
29,BurnOrTrauma,"Rerum et laborum ipsa ipsam nemo. Non deserunt at quia sed quam. Possimus voluptas veritatis quidem. Voluptas quam quaerat. Libero ipsa quasi atque ut. Ut asperiores consequatur rerum maxime vero. At sapiente omnis adipisci accusantium quod. Cumque sint esse eius ea. Nihil quia autem error non eos. Asperiores impedit vel similique sapiente. Nihil occaecati beatae.",196,2019-10-06 22:55:18,2020-04-13 15:51:58
30,PainManagement,"Est et eveniet dolor autem. Placeat voluptates dicta a ut perferendis. Consequatur architecto quia id similique mollitia. Recusandae sit necessitatibus tempore laudantium. Exercitationem eaque quos possimus doloribus officia sapiente. Aliquid dolorem nisi. Quasi ea dolorem voluptate earum voluptates. Qui sint ut cupiditate adipisci aperiam dignissimos. Fugit assumenda distinctio exercitationem sint. Magnam iste nesciunt error facere. Non atque nihil maiores aliquid.",29,2016-07-31 19:42:21,2020-04-13 15:51:58
31,GynecologicOncology,"Qui itaque ducimus quis. Voluptates ea alias neque id dicta. Est iusto molestiae mollitia incidunt repudiandae quis sequi. Itaque quibusdam deleniti sed. Beatae ipsam voluptate. Et voluptates at illum. Impedit accusantium temporibus repudiandae est. Perspiciatis tempore est voluptate consequatur veritatis voluptatem. Nihil sit tempore sit fugiat. Nulla exercitationem sint illo minima.",107,2017-11-14 03:06:27,2020-04-13 15:51:58
32,InterventionalRadiology,"Qui ad sed consectetur veritatis eius. Commodi eaque occaecati. Saepe minus ut voluptas et nostrum. Inventore aut est recusandae ipsum. Velit ea labore nobis id alias quasi. Tempore praesentium rerum nobis. Eveniet nihil maiores asperiores et. Fugit vel aperiam eos eveniet maiores et. Sit aliquam voluptatem. Ullam et dolores corrupti dolorem explicabo.",155,2018-06-19 13:37:56,2020-04-13 15:51:58
33,Cardiology,"Praesentium ut porro quia consectetur quis eum excepturi. Quos voluptate perferendis facilis sint eveniet dignissimos. Repellendus dolores quod atque sapiente ducimus. Incidunt et ut distinctio debitis ea similique. Et doloribus sed perspiciatis natus eveniet. Atque ut nam. Quas corporis laboriosam vero pariatur. Omnis est est molestias labore atque magnam. Aut reiciendis ut. Expedita omnis quia rerum iure et et molestias.",113,2015-07-28 06:58:09,2020-04-13 15:51:58
34,GeneralSurgery,"Aperiam voluptatem numquam sunt tenetur rerum. Atque ipsa incidunt. Exercitationem error rerum doloremque doloremque rerum consequatur. Enim sed fugit aliquam autem. Voluptate non ad velit totam illo tenetur omnis. Saepe et magni et. Ullam dolore optio perferendis aut. Modi facere repudiandae minus voluptatem aspernatur. Quo nihil excepturi nobis nesciunt. Et quos natus. Nesciunt at beatae et quam quidem aspernatur.",110,2016-11-23 07:16:03,2020-04-13 15:51:58
35,NuclearMedicine,"Velit et ipsa quisquam. Totam accusamus sint explicabo repellat qui provident ea. Ab atque suscipit. Saepe earum voluptates ut commodi. Est temporibus aut atque nesciunt voluptatem nobis. Quia ut animi minima quis. Nulla qui delectus nostrum quod soluta. Occaecati et aliquam culpa consequuntur. Officia aut ut autem iusto qui ipsam. Voluptas et dolores sit autem magnam voluptatum. Molestias dolorum id quia incidunt possimus est. Neque corrupti eius sunt sequi.",57,2019-10-23 17:34:16,2020-04-13 15:51:58
36,Neonatology,"Est velit corrupti voluptatem ratione omnis repudiandae. Debitis dolores voluptatem quia. Atque maiores dolor similique deleniti est cum. Ipsam cumque dolorem aspernatur temporibus aut et. Cum vel architecto soluta numquam nam. Mollitia exercitationem corporis at sapiente totam. Natus aut vel. Esse eaque est autem doloremque amet et. Minima voluptatem amet voluptas. Maxime quam saepe et iste. Qui molestiae reiciendis quisquam atque reiciendis modi exercitationem.",168,2017-12-19 22:44:21,2020-04-13 15:51:58
37,CardiovascularSurgery,"Aut temporibus aspernatur suscipit rerum amet. Sit tempore nam ab quia sunt magni. Et quia illo. Quod aspernatur sapiente asperiores similique velit. Alias placeat alias sint itaque id a iusto. Reprehenderit non laborum dolores qui praesentium nulla. Repellat id veniam vel. Minus labore corporis culpa voluptas. Veritatis quasi blanditiis excepturi qui sapiente. Molestiae qui officiis ullam sed. Consequatur ducimus aperiam aperiam tempora.",26,2019-11-08 16:24:44,2020-04-13 15:51:58
38,PainManagement,"Dolores ipsam libero aut dolores et dolorum asperiores. Facere molestiae aliquid ex eum qui quas. Quia possimus quia repellendus ipsam fugit qui. Aliquid commodi consequatur voluptatem. Ullam ipsum omnis. Quo non a excepturi sapiente voluptates. Eos quia quos quos exercitationem eum. Minus vel fugit. Officiis perferendis incidunt molestiae iusto et. Autem fugit qui ullam incidunt. Est neque nobis quod qui accusamus voluptatem asperiores.",51,2018-09-15 14:34:49,2020-04-13 15:51:58
39,Ophthalmology,"Quis veritatis porro veniam. Eos nostrum maxime placeat vel et sit et. Et ut accusantium a dignissimos consectetur et. Dicta nobis ex illo praesentium voluptatum aliquam temporibus. Sequi facere modi nulla occaecati aliquam. Error libero provident sit. Libero voluptatibus totam a quod labore voluptatibus. Culpa quam ut unde possimus quasi sed fugiat. Aspernatur in culpa. Magni pariatur molestiae consectetur eos sed laborum sapiente. Autem veniam autem laborum ab officiis vitae.",118,2017-04-02 17:47:47,2020-04-13 15:51:58
40,CardiovascularSurgery,"Dolor similique sed commodi. Non ex recusandae nulla a corporis sit. Qui labore quia. Praesentium consequatur sint. Cumque perspiciatis temporibus. Esse sit illo vel labore eos. Sint et illum quia. Veritatis maiores ut explicabo vel dolorem. Nulla vitae et quia asperiores sit rerum perferendis. Nam dolores beatae placeat veritatis qui vero fugiat. Et explicabo molestias qui. Magni molestiae reiciendis et.",30,2019-07-28 20:12:28,2020-04-13 15:51:58
41,MedicalGenetics,"Laborum autem nihil. Laborum totam qui. Similique iusto amet officia necessitatibus et. Velit quasi in. Accusamus ipsum inventore enim voluptatem nulla assumenda. Numquam quos nulla labore suscipit facere. Tenetur eaque minus repellendus aut molestias maxime qui. Quis quo nihil cum et. Illum repudiandae accusantium soluta dignissimos dolor. Magnam id minus sapiente repellat vero.",91,2019-09-17 03:30:37,2020-04-13 15:51:58
42,Allergy,"Itaque debitis dolore quis sit reiciendis tenetur ut. Atque id quia doloribus fuga iure quas. Autem cumque quo aliquid sit. Unde id illo laborum. Rerum repudiandae officiis saepe et ea. Blanditiis inventore hic hic aut quia quis tempora. Et nesciunt quia molestiae. A ut dolores magni animi laboriosam sint. Ut cumque nihil sint omnis dolorem. Modi similique dolor. Quae quis omnis.",135,2019-02-28 14:33:19,2020-04-13 15:51:58
43,Geriatrics,"Quaerat quo incidunt qui in. Ex sit velit culpa consequatur quod. Et quos eaque cupiditate voluptatem deleniti perferendis necessitatibus. Qui eos voluptatem. Explicabo non molestiae maiores minima laborum et nobis. Nesciunt enim occaecati et soluta minus. Voluptas natus impedit at. Dolor laborum quis. Est ad reprehenderit ex et officiis reiciendis aut. Quis placeat aut est pariatur. Soluta asperiores cum reprehenderit et distinctio labore.",35,2019-04-02 09:02:47,2020-04-13 15:51:58
44,Orthopedics,"Corporis alias magni blanditiis molestias. Sapiente ut ut nobis voluptatem dolorem. Maiores neque quo et nam. Quasi quos enim magnam. Voluptatem voluptas cumque et. Eos architecto illo cumque id. Molestiae reiciendis necessitatibus maiores molestiae vel. Dicta aut corrupti sapiente ut nihil excepturi minima. Aut nobis minus voluptatibus magnam qui. Cupiditate ab est sed error libero excepturi. Expedita quia enim placeat ut. Quo odio tenetur ut quo.",185,2017-09-19 23:50:04,2020-04-13 15:51:58
45,InternalMedicine,"Laboriosam facere voluptates veritatis. Dolorum enim libero praesentium et id facilis. Est accusamus omnis omnis facilis ea illum. Sequi voluptas qui qui et consequatur. Tempora quisquam sed maxime. Excepturi ut eius maiores. Neque enim modi animi dolores voluptate molestias. Odio quas nostrum officia inventore enim. Autem repellendus consequatur quisquam. Qui atque placeat. Consequatur commodi nam dolorum ratione libero aut.",159,2017-06-07 20:34:00,2020-04-13 15:51:58
46,CardiacCatheterization,"Non architecto aut illo sunt debitis qui. Sed perspiciatis minima. Numquam voluptatibus aut in et dolores. Dolores doloremque molestiae exercitationem laudantium iusto. Ut optio iure quae tempora ut mollitia eum. Et aut quidem harum voluptatem. Consectetur culpa et. Eligendi odio debitis laboriosam voluptatum. Illo corrupti recusandae asperiores. Autem qui enim ut quae doloremque voluptatem vitae.",61,2018-03-22 17:13:13,2020-04-13 15:51:58
47,Geriatrics,"Quidem sequi doloribus ratione. Ipsam quasi veritatis voluptates voluptas. Velit inventore quam minus quo. Omnis et voluptatem neque. Dicta quo vero nulla earum numquam. Alias laudantium possimus magni exercitationem sint quis laborum. Pariatur pariatur repellendus et quia culpa. Sapiente voluptatibus veritatis. Est culpa ut. Rerum voluptas quo odit. Recusandae earum et enim qui unde. Beatae unde quis pariatur voluptatum sit sint officiis.",106,2018-06-04 13:42:09,2020-04-13 15:51:58
48,Cardiology,"Enim veritatis sapiente. Perspiciatis ut dolor voluptas. Tempore sint sapiente aliquam cumque. Delectus temporibus aspernatur. Veniam laudantium nam commodi vel incidunt. Laudantium earum earum earum. Sint consequatur recusandae distinctio et repellendus aut blanditiis. Aut et et est ut. Sunt tempora quis qui quod nisi neque. Quo enim eum distinctio reprehenderit quo. Tenetur optio unde veniam voluptatum qui. Et sed totam et aut aut optio et.",41,2018-02-03 05:44:03,2020-04-13 15:51:58
49,Neonatology,"Quia odit autem est quae sed eum id. Soluta accusantium tenetur a quaerat ut. Aut distinctio sed atque quo velit. Odit nostrum aut. Fugit consequuntur ea perspiciatis explicabo ipsam eaque. Et iure sed quis. Placeat amet libero hic inventore et non. Earum voluptatum harum illo doloremque est consequatur. Non repellendus officia amet. Autem et et ipsam. Quis non enim aspernatur atque blanditiis cupiditate. Ab qui expedita dicta.",3,2017-03-31 21:13:18,2020-04-13 15:51:58
50,AdultIntensivist,"Possimus provident aut voluptatem rerum. Aliquid nobis doloribus rerum et excepturi. Velit ratione dicta excepturi nulla ipsum nemo dicta. Hic earum culpa veritatis dolores facere. Voluptatem maiores ipsum facilis repellat ipsam. Voluptatem adipisci assumenda neque temporibus veritatis. In ullam quae. Aliquam praesentium eum sed. Amet et enim non voluptate. Accusantium aut sunt libero perspiciatis atque sint rerum. Quas et nesciunt molestias consequatur tempore et quis. Deleniti repellat quae autem tempora dolorem et id.",130,2017-10-25 08:13:22,2020-04-13 15:51:58
51,Neurology,"Impedit laborum dolor voluptas quaerat. Aut vitae quas repudiandae. Voluptatem exercitationem impedit quos ratione voluptas qui. Est nobis id. Delectus quam error perspiciatis placeat voluptatem dolores. Impedit eaque voluptatibus cum cupiditate aliquid vero exercitationem. Ad quia fugit qui ex quia. Sequi consequatur repellendus in architecto voluptatem. Nemo rerum aut debitis. Qui sequi expedita quis odio blanditiis voluptas explicabo.",124,2018-01-22 16:14:00,2020-04-13 15:51:58
52,Anesthesia,"Dignissimos dignissimos distinctio sed aperiam. Est velit aut ducimus doloribus placeat quia placeat. Repudiandae hic quibusdam natus. Repudiandae omnis aperiam. Et corrupti non iure sunt ex cumque officia. Eius tempore ipsam nam quasi et. Debitis nihil nihil quidem eligendi et. Et ipsa magni in. Est iure itaque est. Neque adipisci dolorem fugit rem culpa quam doloribus. Velit similique neque molestias veritatis hic non qui.",45,2019-09-26 03:59:15,2020-04-13 15:51:58
53,PediatricIntensivist,"Ducimus temporibus omnis maxime est. Earum dolore vitae qui deleniti voluptas ipsa. Sit inventore harum quis nulla. Deserunt dolor distinctio. Et ut blanditiis ut quos consequatur delectus. Unde et enim et. Ex aut aut laboriosam cumque consequuntur nemo. Occaecati rerum error. Et sit est quo illo delectus. Repudiandae cumque maxime dicta qui. Harum asperiores dolores exercitationem in in. Blanditiis autem totam.",67,2019-05-01 22:08:40,2020-04-13 15:51:58
54,Cardiology,"Quod sed autem eum nulla. Voluptatibus ex aut dolorem odit. Nihil quidem sint nihil libero quisquam tempora. Nemo enim provident consequuntur. Debitis praesentium suscipit dolorem id fuga laudantium. Nemo illum officiis. Cum officia error ut. Laudantium voluptates alias maxime repellendus dolore aspernatur. Molestias iure assumenda odio laudantium. Et et eos fugiat magni. Iste ducimus sed consequatur occaecati veniam explicabo aut. In culpa necessitatibus.",93,2018-06-16 13:29:38,2020-04-13 15:51:58
55,FamilyPractice,"Inventore molestiae non. Et ullam rerum maiores esse dolor. Alias nihil ut est eius illo ex. Consequuntur occaecati qui. Ea nulla vel harum nulla. Eligendi nulla alias sit aut alias. Odio quisquam nemo maxime maxime nihil tenetur. Iure reprehenderit eos enim aliquid eum reiciendis maiores. Delectus quo suscipit quia quia sint consectetur. Optio et necessitatibus sit. Repellat nulla impedit quo quisquam et.",25,2015-10-13 18:27:52,2020-04-13 15:51:58
56,BurnOrTrauma,"Inventore hic rem illo. Omnis vero neque enim ipsum. Dolores ea ut molestiae nihil. Aperiam debitis voluptate quod quaerat tempora possimus error. Sapiente qui alias. Consequatur officiis cumque quibusdam dolores dolorem a dolorum. Exercitationem dolorem omnis. Sint autem error iure. Tempore similique autem voluptatem deleniti vel in. Occaecati et provident quos. Nesciunt minima et rerum beatae. Nihil ipsum commodi.",181,2019-02-13 06:46:19,2020-04-13 15:51:58
57,Otolaryngology,"Enim quibusdam totam ipsa reiciendis eum voluptatem rerum. Ducimus nulla et officia reiciendis. Id debitis et ab. Asperiores non autem aut. Est distinctio repellat quam mollitia qui. Sed sapiente et quam fugiat sapiente provident. Et rerum exercitationem. Accusantium eum distinctio nisi veritatis illo architecto quos. Numquam recusandae dicta autem facere dolor impedit. Animi tempora officia.",123,2019-05-25 02:46:13,2020-04-13 15:51:58
58,Pathology_SurgicalAndAnatomic,"Culpa libero quibusdam suscipit minus voluptates ratione. Quasi placeat labore doloribus aut blanditiis beatae iure. Et cum sint qui aut incidunt. Necessitatibus numquam officia odio quidem iste. Eligendi et iste soluta qui dolor error ea. Ratione eos sint. Reprehenderit nobis quos. Voluptatem autem fugit dolorem laboriosam. Doloribus doloremque ab et libero. Tempore similique eaque quia animi. Incidunt error non. Nemo dicta ipsa.",180,2016-12-11 16:48:29,2020-04-13 15:51:58
59,PediatricSurgery,"Optio laudantium explicabo. Ea explicabo ducimus numquam hic eum qui. Quis id sed quaerat. Non possimus dolorum nihil enim voluptatum. Dolore facilis aut veniam voluptas unde. Consequatur officia deleniti ut. Quis incidunt mollitia cumque. Laboriosam doloribus rerum quas unde praesentium praesentium quibusdam. Fuga ut facere omnis perspiciatis nihil aliquid. Non minima blanditiis excepturi non. Esse possimus non itaque et. Eos minus labore.",184,2016-05-05 03:52:37,2020-04-13 15:51:58
60,PediatricIntensivist,"Sed sit ut dolor dolores temporibus ullam dignissimos. Dolor quo quis. Reiciendis tenetur neque consequuntur suscipit. Adipisci architecto et. Expedita id quo ut praesentium dolor qui neque. Enim minima facere doloribus officiis velit provident quis. Voluptatem tempore non reprehenderit. Praesentium omnis exercitationem at et aut. Pariatur rem facere explicabo nemo deserunt necessitatibus itaque. Sapiente temporibus nisi maiores aut ipsum odio. Explicabo iusto esse eveniet facilis debitis quasi. Ea eveniet et beatae numquam rerum ab praesentium.",106,2018-06-04 13:42:09,2020-04-13 15:51:58
61,InfectiousDisease,"Dolorum vitae saepe facilis. Doloribus rerum quas non. Molestiae eum et sequi explicabo reprehenderit et perferendis. Debitis enim occaecati. Placeat repudiandae est qui unde voluptatem sit adipisci. Suscipit saepe sit dignissimos quisquam autem dolores et. Ipsa commodi corporis. Placeat voluptas beatae. Sint consequuntur deserunt aut laborum. Laboriosam accusamus libero quibusdam. Non dolor neque deleniti eos est qui molestiae.",121,2016-12-08 22:09:13,2020-04-13 15:51:58
62,FamilyPractice,"Unde neque illo et. Aperiam delectus possimus et velit. Quod rerum perferendis et. Voluptatem id eaque. Sint eaque mollitia sed. Iure cumque similique placeat laudantium repellat facere consectetur. Magni ducimus nostrum corrupti repellat. Deleniti vitae quod tempora. Corporis ea iure impedit nobis vel eligendi. Optio veritatis harum dolor et. Voluptatem nihil labore.",92,2016-11-21 11:33:23,2020-04-13 15:51:58
63,InterventionalRadiology,"Delectus voluptatibus non perspiciatis soluta. Minima rerum quos tempora doloribus qui. Iusto omnis rem ipsum. Et commodi neque exercitationem placeat. Officiis sint ut. Temporibus velit ipsum voluptatem consequatur ut. Dolores aut quidem sunt ipsam. Labore eius nesciunt molestias voluptatem culpa vel vero. Autem eos voluptatem. Quod architecto accusamus. Rerum molestias repudiandae officiis. Magnam minus repellat.",47,2018-09-18 03:56:56,2020-04-13 15:51:58
64,Pathology_SurgicalAndAnatomic,"Saepe repellendus explicabo rerum qui fugiat fugiat minus. Reiciendis est in et nisi sequi temporibus esse. Omnis amet omnis dolores in. Numquam quisquam est aut velit qui nihil. Maxime facere qui aut laborum. Architecto aut consequatur tempore velit rem quia explicabo. Quod voluptas ipsam est in possimus consectetur quod. Amet commodi non assumenda et. Natus dolor molestias id maxime voluptate voluptatem. Nulla doloribus sapiente corporis. Mollitia saepe inventore quo non.",84,2017-04-22 18:46:56,2020-04-13 15:51:58
65,Cardiology,"Eum fugit vel quia ea ut adipisci. Maxime dolores nesciunt ipsum enim quia voluptas. Veniam dicta aliquid nihil et. Numquam aut tempore. Fugiat beatae suscipit. Ea eveniet aliquid nisi laborum et. Aut neque ut nesciunt dolorum ducimus. Sit incidunt vel ad molestiae. Nostrum est error voluptas. Commodi amet recusandae repellendus quam velit rerum dolores.",117,2019-05-30 22:27:47,2020-04-13 15:51:58
66,Hematology_Oncology,"Temporibus ut quo et. Aut fuga et. Corrupti numquam ea voluptatem numquam. Similique ratione sint molestiae. Aut officiis maxime nemo. Blanditiis quidem sed optio doloribus ipsum. Voluptas deleniti impedit repellendus. Ipsa nam modi voluptas repellendus aut. Dolores impedit porro. Assumenda ratione sunt.",180,2016-12-11 16:48:29,2020-04-13 15:51:58
67,AdultIntensivist,"Corrupti ducimus ipsum inventore voluptas sit. Tenetur voluptas occaecati non. Ut in consequatur fuga possimus sit consectetur. Vel consequatur repudiandae debitis. Aut ut sint incidunt velit qui dolores. Et odit minus veritatis voluptatem esse reiciendis aliquam. Et molestiae aut itaque itaque a aut velit. Ullam dignissimos consequatur quam. Velit aut dolorem quia odio. Ea quia in aut iure officia sunt. Beatae natus pariatur eum soluta et distinctio. Iste nobis deserunt odit esse ipsa.",140,2019-05-17 09:05:11,2020-04-13 15:51:58
68,PainManagement,"Illum deserunt sit voluptatum accusantium. Illum voluptas quibusdam sint. Tempore aut incidunt esse neque. Eligendi qui ullam est voluptates. Non nemo dolore molestiae libero et occaecati. Minima praesentium eveniet. Voluptas consequuntur ad harum. Numquam molestiae nihil sit et odit sed. Facilis mollitia omnis. Harum quae optio minima odio dolore at. Autem perferendis iure molestiae deleniti eligendi sed.",127,2015-11-24 20:31:59,2020-04-13 15:51:58
69,CardiacCatheterization,"Quia nihil pariatur. Ut amet qui. Voluptatibus quaerat ratione est ut ipsum velit aut. Dignissimos aspernatur mollitia ad quae quos quam. Voluptatem laudantium harum quisquam ea perferendis ad. Consequuntur quos et repellendus iste id enim. Maiores eos tempore officia laboriosam. Similique eos quod dolor corporis. Debitis id et placeat quisquam tempora ipsum corporis. Perspiciatis consequatur natus numquam et non. Corporis dolorum laborum est eius ut. Reiciendis quod facilis vitae sapiente distinctio nesciunt.",154,2015-06-02 00:28:04,2020-04-13 15:51:58
70,Hospitalist,"Enim aspernatur voluptatibus sint quos. Consectetur sapiente totam neque amet libero porro dolor. Iste recusandae deleniti. Qui quia fugiat. Cum sed ut. Repudiandae eos at facere laboriosam. Ut omnis harum. Similique asperiores possimus nisi. Et esse asperiores. Molestias accusantium consectetur. Adipisci minima voluptates quasi quo. Quod esse et earum.",71,2019-12-07 15:40:17,2020-04-13 15:51:58
71,PainManagement,"Laboriosam enim voluptatum et et quasi autem dignissimos. Velit dolores quos et odit. Fugit molestiae voluptas earum quia. Rerum harum aut animi ducimus. Ut cupiditate dolorum repudiandae magni vero temporibus. Animi enim beatae est ad hic hic esse. Reiciendis est rerum cupiditate ut quae. Aperiam sed quia distinctio harum fuga quia ducimus. Libero voluptate voluptas. A accusamus qui placeat vitae et.",113,2015-07-28 06:58:09,2020-04-13 15:51:58
72,InfectiousDisease,"Nulla doloremque eum esse esse tempora. Minus et dolorem tempora id sit recusandae. Libero est sit ut laudantium neque. Quia quasi accusamus vitae officia et necessitatibus ea. Sunt quis est nobis repellat perspiciatis ut. Ut nobis excepturi rerum adipisci quaerat. Quasi quos voluptatem et et excepturi. Voluptas incidunt doloremque fugiat tempora iusto ratione ipsam. Alias ut laboriosam consequuntur. Sit placeat expedita illum ut. Molestias itaque facere sit repellat. Architecto quis quibusdam et recusandae sed repellendus.",91,2019-09-17 03:30:37,2020-04-13 15:51:58
73,Ophthalmology,"Non non velit. Et autem eveniet voluptas. Debitis officiis ipsam sed dignissimos aperiam fugit. Aperiam cum rerum. Doloribus ut porro autem accusamus. Unde voluptas ipsum aliquam. Libero in repellendus laudantium voluptates temporibus delectus dolores. Consectetur aut reiciendis. Ratione laboriosam sint saepe dolores. Ut voluptas eos eaque voluptatem quia sit rerum. Nam ab excepturi nam eos. At itaque alias debitis.",94,2018-03-25 16:11:29,2020-04-13 15:51:58
74,Hepatobiliary,"Asperiores enim eos. Illo reiciendis laudantium dolorem. Voluptates aut iure a ut. Nostrum nisi distinctio. Similique velit fuga rerum repellendus in. Incidunt consequuntur et unde eveniet culpa. Qui laboriosam rerum est consequatur. Quo rerum aspernatur. Fuga reiciendis et. Labore facere explicabo itaque aperiam voluptatibus consequatur. Tenetur consequuntur quo alias et assumenda.",100,2017-02-02 19:37:56,2020-04-13 15:51:58
75,Ophthalmology,"Repellendus fugiat dolorum. Ea sed quia quas illo. Nulla sit id maiores iure expedita velit accusantium. Et necessitatibus dolore corrupti reiciendis aut aut repellendus. Aut officiis nostrum et repudiandae sunt. Vel dignissimos non et magni. Repellendus placeat est facilis consequatur soluta harum et. Voluptatem voluptas cumque vitae quidem assumenda molestiae. Rerum labore fugiat facilis molestias at quo itaque. Saepe excepturi saepe. Quis rerum incidunt sint mollitia.",118,2017-04-02 17:47:47,2020-04-13 15:51:58
